Student_ID,Gender,Age,Study_Hours,Attendance,Math_Score,Science_Score,English_Score,Previous_Score,Final_Score,Average_Subject_Score,Performance_Category,Attendance_Category,Study_Level
1,Male,21,5.4,60.9,66,91,64,61,70.41,73.66666666666667,Good,Moderate,High
2,Female,21,3.3,97.5,45,100,91,46,74.93,78.66666666666667,Good,Excellent,Moderate
3,Male,17,5.1,89.3,44,50,81,51,48.36,58.333333333333336,Average,Good,High
4,Male,19,9.8,54.5,91,85,69,40,75.51,81.66666666666667,Good,Low,Very High
5,Male,18,5.4,70.9,59,73,53,39,61.21,61.666666666666664,Good,Moderate,High
6,Female,17,4.0,94.0,36,74,42,91,53.6,50.666666666666664,Average,Excellent,Moderate
7,Male,18,6.7,97.2,98,72,60,62,80.22,76.66666666666667,Excellent,Excellent,High
8,Male,22,3.2,73.4,69,94,64,93,74.42,75.66666666666667,Good,Moderate,Moderate
9,Male,18,1.7,80.7,41,93,41,67,66.39,58.333333333333336,Good,Good,Low
10,Female,19,2.2,58.4,52,44,99,96,69.23,65.0,Good,Low,Moderate
11,Male,22,2.2,99.6,76,98,70,84,78.9,81.33333333333333,Good,Excellent,Moderate
12,Male,18,2.4,61.6,73,97,59,53,70.01,76.33333333333333,Good,Moderate,Moderate
13,Male,22,2.2,97.1,75,83,71,100,77.96,76.33333333333333,Good,Excellent,Moderate
14,Male,18,6.8,82.5,58,98,35,81,66.84,63.666666666666664,Good,Good,High
15,Female,19,2.6,80.4,94,66,49,73,71.92,69.66666666666667,Good,Good,Moderate
16,Male,18,4.1,75.6,80,41,71,67,61.73,64.0,Good,Good,Moderate
17,Female,18,9.1,61.5,53,55,47,47,49.93,51.666666666666664,Average,Moderate,Very High
18,Female,18,5.3,58.8,76,54,42,88,64.52,57.333333333333336,Good,Low,High
19,Female,17,7.0,61.0,66,60,39,41,58.82,55.0,Average,Moderate,High
20,Male,17,2.6,59.3,73,49,94,48,61.76,72.0,Good,Low,Moderate
21,Female,17,2.7,89.0,70,48,35,53,59.13,51.0,Average,Good,Moderate
22,Male,19,1.4,67.5,70,61,70,88,63.97,67.0,Good,Moderate,Low
23,Female,22,2.5,52.9,37,74,69,54,56.35,60.0,Average,Low,Moderate
24,Female,21,3.5,98.5,42,92,100,63,76.78,78.0,Good,Excellent,Moderate
25,Female,18,2.6,94.2,75,62,97,58,73.79,78.0,Good,Excellent,Moderate
26,Female,18,1.8,96.4,47,60,57,97,62.56,54.666666666666664,Good,Excellent,Low
27,Female,19,2.1,99.7,83,97,43,91,75.8,74.33333333333333,Good,Excellent,Moderate
28,Female,18,5.1,58.7,94,100,68,42,78.63,87.33333333333333,Good,Low,High
29,Female,17,2.9,69.8,36,59,80,96,58.76,58.333333333333336,Average,Moderate,Moderate
30,Female,21,4.3,87.9,94,37,38,63,59.3,56.333333333333336,Average,Good,Moderate
31,Male,20,5.5,84.8,39,78,64,51,59.62,60.333333333333336,Average,Good,High
32,Male,18,7.2,57.7,78,76,37,100,62.98,63.666666666666664,Good,Low,High
33,Female,17,1.4,90.8,61,40,48,40,49.72,49.666666666666664,Average,Excellent,Low
34,Female,20,8.2,61.2,66,73,94,92,75.13,77.66666666666667,Good,Moderate,Very High
35,Female,21,6.7,61.2,55,86,79,62,68.45,73.33333333333333,Good,Moderate,High
36,Male,20,1.7,76.8,42,57,68,96,57.61,55.666666666666664,Average,Good,Low
37,Female,17,8.9,79.6,84,84,79,75,81.66,82.33333333333333,Excellent,Good,Very High
38,Male,22,9.3,79.0,78,77,95,75,83.62,83.33333333333333,Excellent,Good,Very High
39,Male,22,1.5,54.6,92,53,50,83,68.86,65.0,Good,Low,Low
40,Male,20,3.5,93.9,37,85,100,83,69.19,74.0,Good,Excellent,Moderate
41,Male,19,8.3,63.3,36,45,74,37,46.22,51.666666666666664,Average,Moderate,Very High
42,Male,20,7.7,56.5,78,46,51,44,54.83,58.333333333333336,Average,Low,High
43,Female,18,2.7,94.4,36,42,68,69,50.64,48.666666666666664,Average,Excellent,Moderate
44,Female,18,2.9,97.8,69,58,50,36,58.62,59.0,Average,Excellent,Moderate
45,Female,22,4.3,93.1,64,75,94,58,70.93,77.66666666666667,Good,Excellent,Moderate
46,Female,19,5.4,90.5,42,70,100,72,63.87,70.66666666666667,Good,Excellent,High
47,Female,17,6.6,82.8,56,89,100,56,74.41,81.66666666666667,Good,Good,High
48,Male,18,4.3,77.5,78,43,47,60,60.18,56.0,Good,Good,Moderate
49,Female,22,5.2,54.3,92,81,90,77,83.96,87.66666666666667,Excellent,Low,High
50,Female,21,7.7,70.4,70,49,65,89,63.81,61.333333333333336,Good,Moderate,High
51,Male,22,1.3,68.6,65,82,68,73,66.76,71.66666666666667,Good,Moderate,Low
52,Female,18,3.3,63.0,81,76,73,63,68.44,76.66666666666667,Good,Moderate,Moderate
53,Male,18,7.4,86.2,89,94,42,54,76.19,75.0,Good,Good,High
54,Female,22,9.1,74.8,96,46,89,75,74.24,77.0,Good,Moderate,Very High
55,Male,17,5.6,54.1,64,36,61,88,59.7,53.666666666666664,Average,Low,High
56,Female,20,5.8,61.0,89,41,87,54,61.61,72.33333333333333,Good,Moderate,High
57,Female,18,2.0,84.2,50,37,73,53,52.13,53.333333333333336,Average,Good,Low
58,Male,22,5.0,53.8,46,37,99,100,61.93,60.666666666666664,Good,Low,Moderate
59,Male,22,5.8,92.6,51,61,51,64,60.05,54.333333333333336,Good,Excellent,High
60,Male,19,3.2,74.8,50,74,64,87,74.85,62.666666666666664,Good,Moderate,Moderate
61,Male,20,3.4,74.0,46,67,87,68,65.25,66.66666666666667,Good,Moderate,Moderate
62,Male,21,4.4,79.6,42,35,47,56,42.49,41.333333333333336,Average,Good,Moderate
63,Male,17,1.2,91.2,37,42,55,40,45.94,44.666666666666664,Average,Excellent,Low
64,Male,21,3.9,67.4,50,66,53,61,49.79,56.333333333333336,Average,Moderate,Moderate
65,Male,20,2.9,83.9,64,82,87,44,71.02,77.66666666666667,Good,Good,Moderate
66,Female,20,3.9,78.3,57,38,53,82,51.85,49.333333333333336,Average,Good,Moderate
67,Female,20,2.1,63.4,39,53,91,93,63.5,61.0,Good,Moderate,Moderate
68,Male,21,9.0,93.9,99,66,59,93,78.99,74.66666666666667,Good,Excellent,Very High
69,Female,20,6.3,89.9,64,43,65,36,58.22,57.333333333333336,Average,Good,High
70,Female,22,7.1,82.9,55,46,89,63,61.4,63.333333333333336,Good,Good,High
71,Female,21,8.1,92.5,56,45,57,99,69.61,52.666666666666664,Good,Excellent,Very High
72,Female,20,5.5,93.4,66,80,66,60,69.81,70.66666666666667,Good,Excellent,High
73,Male,22,1.8,85.4,67,50,96,44,72.97,71.0,Good,Good,Low
74,Female,19,5.8,91.9,50,35,44,87,56.6,43.0,Average,Excellent,High
75,Male,20,6.3,84.9,72,97,88,93,86.32,85.66666666666667,Excellent,Good,High
76,Female,21,7.7,84.0,48,55,86,56,64.67,63.0,Good,Good,High
77,Female,18,4.9,80.9,70,64,54,85,68.42,62.666666666666664,Good,Good,Moderate
78,Female,20,2.1,87.6,57,47,66,82,52.35,56.666666666666664,Average,Good,Moderate
79,Male,18,3.6,57.9,100,68,48,55,68.57,72.0,Good,Low,Moderate
80,Female,22,4.3,94.0,36,38,84,56,57.63,52.666666666666664,Average,Excellent,Moderate
81,Male,19,6.8,93.6,99,62,62,64,76.56,74.33333333333333,Good,Excellent,High
82,Female,17,6.1,51.5,86,93,87,59,74.93,88.66666666666667,Good,Low,High
83,Male,19,4.2,91.3,96,61,58,62,72.87,71.66666666666667,Good,Excellent,Moderate
84,Female,20,9.9,56.4,57,59,56,99,70.36,57.333333333333336,Good,Low,Very High
85,Male,18,6.5,66.8,60,37,64,79,62.87,53.666666666666664,Good,Moderate,High
86,Male,18,3.1,87.2,89,59,97,41,74.97,81.66666666666667,Good,Good,Moderate
87,Female,21,1.9,58.0,40,54,38,83,51.96,44.0,Average,Low,Low
88,Male,18,2.4,90.9,69,68,93,43,69.42,76.66666666666667,Good,Excellent,Moderate
89,Female,21,3.2,91.6,56,60,42,70,51.14,52.666666666666664,Average,Excellent,Moderate
90,Female,22,2.4,75.4,77,39,46,35,50.59,54.0,Average,Good,Moderate
91,Female,17,2.7,50.3,49,95,65,44,68.48,69.66666666666667,Good,Low,Moderate
92,Female,20,3.6,64.4,94,43,68,70,66.69,68.33333333333333,Good,Moderate,Moderate
93,Female,21,2.6,80.8,46,84,83,80,67.81,71.0,Good,Good,Moderate
94,Female,17,9.1,99.1,83,40,91,66,72.96,71.33333333333333,Good,Excellent,Very High
95,Female,18,1.7,81.6,76,94,60,66,81.53,76.66666666666667,Excellent,Good,Low
96,Female,18,5.7,63.0,72,78,52,40,71.15,67.33333333333333,Good,Moderate,High
97,Female,17,4.7,81.7,79,45,72,82,76.95,65.33333333333333,Good,Good,Moderate
98,Female,18,9.8,77.0,69,100,84,72,81.66,84.33333333333333,Excellent,Good,Very High
99,Female,22,2.0,89.0,64,81,42,51,64.03,62.333333333333336,Good,Good,Low
100,Male,22,4.6,55.3,64,37,75,61,51.31,58.666666666666664,Average,Low,Moderate
101,Male,17,9.7,88.1,40,64,40,88,64.37,48.0,Good,Good,Very High
102,Female,21,8.8,77.1,41,55,78,84,57.49,58.0,Average,Good,Very High
103,Female,21,8.4,98.1,86,62,98,69,82.68,82.0,Excellent,Excellent,Very High
104,Female,17,3.3,67.1,48,96,63,59,60.87,69.0,Good,Moderate,Moderate
105,Female,21,2.5,81.6,49,67,62,62,57.1,59.333333333333336,Average,Good,Moderate
106,Female,21,7.0,96.6,55,69,45,49,57.46,56.333333333333336,Average,Excellent,High
107,Female,22,9.4,55.1,69,86,99,38,73.58,84.66666666666667,Good,Low,Very High
108,Female,21,6.0,96.9,100,68,53,61,74.23,73.66666666666667,Good,Excellent,High
109,Female,19,6.1,84.4,36,75,43,60,53.45,51.333333333333336,Average,Good,High
110,Male,20,3.5,53.4,69,85,61,53,69.87,71.66666666666667,Good,Low,Moderate
111,Female,18,7.9,65.0,54,81,68,51,61.18,67.66666666666667,Good,Moderate,High
112,Male,19,2.7,85.4,44,92,78,77,70.27,71.33333333333333,Good,Good,Moderate
113,Female,21,3.9,53.4,59,91,49,75,69.91,66.33333333333333,Good,Low,Moderate
114,Female,22,4.8,79.1,100,57,85,76,77.11,80.66666666666667,Good,Good,Moderate
115,Male,17,5.6,67.3,59,82,47,84,62.66,62.666666666666664,Good,Moderate,High
116,Female,21,3.2,81.0,88,56,83,74,73.18,75.66666666666667,Good,Good,Moderate
117,Male,22,2.0,52.3,67,51,90,73,69.1,69.33333333333333,Good,Low,Low
118,Female,20,6.5,93.6,70,45,85,57,68.34,66.66666666666667,Good,Excellent,High
119,Female,21,3.6,98.7,48,49,71,86,59.0,56.0,Average,Excellent,Moderate
120,Male,17,6.2,98.4,99,69,51,81,80.13,73.0,Excellent,Excellent,High
121,Female,22,2.4,87.5,88,67,92,97,76.79,82.33333333333333,Good,Good,Moderate
122,Male,22,5.3,56.5,86,50,63,77,69.63,66.33333333333333,Good,Low,High
123,Female,22,5.8,87.9,37,68,67,82,63.02,57.333333333333336,Good,Good,High
124,Male,20,1.5,51.2,75,100,94,68,77.74,89.66666666666667,Good,Low,Low
125,Male,21,4.0,51.1,40,74,89,74,59.46,67.66666666666667,Average,Low,Moderate
126,Female,20,2.2,66.2,59,62,44,95,55.67,55.0,Average,Moderate,Moderate
127,Female,18,1.6,74.4,47,81,81,84,69.33,69.66666666666667,Good,Moderate,Low
128,Male,18,9.9,88.5,42,73,57,96,70.57,57.333333333333336,Good,Good,Very High
129,Female,21,3.9,84.2,55,54,55,92,58.02,54.666666666666664,Average,Good,Moderate
130,Female,20,8.3,72.3,59,35,47,67,55.76,47.0,Average,Moderate,Very High
131,Female,17,3.3,63.7,79,97,67,50,66.02,81.0,Good,Moderate,Moderate
132,Male,22,7.1,99.9,94,38,58,82,68.7,63.333333333333336,Good,Excellent,High
133,Male,22,7.8,71.3,46,92,45,44,61.11,61.0,Good,Moderate,High
134,Male,21,6.4,72.6,66,59,51,72,58.77,58.666666666666664,Average,Moderate,High
135,Male,18,5.2,58.2,47,81,81,53,60.52,69.66666666666667,Good,Low,High
136,Male,18,4.7,89.7,65,72,59,70,64.95,65.33333333333333,Good,Good,Moderate
137,Male,22,4.1,84.7,54,49,55,93,60.44,52.666666666666664,Good,Good,Moderate
138,Male,21,9.4,61.0,52,97,46,97,68.8,65.0,Good,Moderate,Very High
139,Male,20,8.5,54.1,94,55,71,80,64.86,73.33333333333333,Good,Low,Very High
140,Male,18,9.7,84.0,97,91,76,37,75.52,88.0,Good,Good,Very High
141,Female,20,2.1,82.7,40,87,51,99,60.74,59.333333333333336,Good,Good,Moderate
142,Male,18,7.6,63.7,66,80,82,42,72.4,76.0,Good,Moderate,High
143,Female,18,9.4,97.5,77,48,62,85,59.46,62.333333333333336,Average,Excellent,Very High
144,Female,19,2.6,57.6,36,51,75,40,47.61,54.0,Average,Low,Moderate
145,Female,18,1.6,71.6,94,73,81,73,75.81,82.66666666666667,Good,Moderate,Low
146,Male,17,7.7,97.2,57,43,52,94,66.77,50.666666666666664,Good,Excellent,High
147,Male,21,6.2,71.0,65,40,47,62,53.76,50.666666666666664,Average,Moderate,High
148,Male,21,8.6,81.9,39,57,47,88,58.17,47.666666666666664,Average,Good,Very High
149,Male,20,2.3,69.9,68,93,65,71,72.46,75.33333333333333,Good,Moderate,Moderate
150,Female,18,8.2,63.7,44,80,36,43,46.65,53.333333333333336,Average,Moderate,Very High
151,Male,17,2.8,99.2,36,72,50,90,62.19,52.666666666666664,Good,Excellent,Moderate
152,Male,20,2.5,70.5,45,48,43,93,52.56,45.333333333333336,Average,Moderate,Moderate
153,Male,19,2.5,94.7,84,96,72,36,79.95,84.0,Good,Excellent,Moderate
154,Male,20,8.3,61.5,65,69,88,95,89.85,74.0,Excellent,Moderate,Very High
155,Male,20,7.0,60.7,90,53,90,92,68.68,77.66666666666667,Good,Moderate,High
156,Female,18,5.7,51.6,43,64,79,94,69.01,62.0,Good,Low,High
157,Male,19,4.2,82.6,55,59,68,74,61.46,60.666666666666664,Good,Good,Moderate
158,Female,20,8.9,68.4,62,74,43,70,65.14,59.666666666666664,Good,Moderate,Very High
159,Male,17,4.5,93.2,96,48,42,71,67.69,62.0,Good,Excellent,Moderate
160,Female,17,8.3,73.7,41,60,41,52,50.52,47.333333333333336,Average,Moderate,Very High
161,Male,21,5.0,98.4,50,56,70,97,62.76,58.666666666666664,Good,Excellent,Moderate
162,Male,19,4.4,59.3,38,82,52,56,57.35,57.333333333333336,Average,Low,Moderate
163,Female,19,5.2,93.4,38,85,37,45,50.42,53.333333333333336,Average,Excellent,High
164,Female,21,3.7,88.8,74,37,62,92,66.78,57.666666666666664,Good,Good,Moderate
165,Female,20,7.7,88.5,51,76,78,91,70.04,68.33333333333333,Good,Good,High
166,Male,19,5.5,92.2,86,53,55,38,61.3,64.66666666666667,Good,Excellent,High
167,Female,17,3.1,88.1,86,62,62,41,66.36,70.0,Good,Good,Moderate
168,Male,17,9.1,81.3,70,79,88,95,85.56,79.0,Excellent,Good,Very High
169,Male,18,4.5,56.6,72,97,88,88,78.02,85.66666666666667,Good,Low,Moderate
170,Female,19,5.9,51.6,84,53,99,35,71.29,78.66666666666667,Good,Low,High
171,Female,20,9.2,96.0,97,81,55,89,80.53,77.66666666666667,Excellent,Excellent,Very High
172,Male,21,6.6,80.8,97,48,47,37,68.61,64.0,Good,Good,High
173,Male,21,2.1,89.8,96,72,91,72,84.97,86.33333333333333,Excellent,Good,Moderate
174,Female,20,9.5,74.1,41,87,83,35,73.7,70.33333333333333,Good,Moderate,Very High
175,Female,22,6.6,55.9,61,95,88,72,75.04,81.33333333333333,Good,Low,High
176,Female,18,4.0,56.3,48,70,44,63,57.3,54.0,Average,Low,Moderate
177,Male,21,2.3,84.3,39,74,87,39,61.47,66.66666666666667,Good,Good,Moderate
178,Male,19,8.1,71.5,89,64,78,55,80.18,77.0,Excellent,Moderate,Very High
179,Male,18,6.6,60.0,36,43,81,81,52.27,53.333333333333336,Average,Low,High
180,Male,19,5.8,74.6,96,98,87,69,90.94,93.66666666666667,Excellent,Moderate,High
181,Male,17,9.0,53.2,55,67,80,35,61.79,67.33333333333333,Good,Low,Very High
182,Male,18,8.1,79.1,55,86,47,46,63.7,62.666666666666664,Good,Good,Very High
183,Female,21,2.4,63.4,44,48,71,94,56.71,54.333333333333336,Average,Moderate,Moderate
184,Male,18,3.8,89.9,92,87,58,61,78.95,79.0,Good,Good,Moderate
185,Male,18,3.2,65.5,73,93,36,90,69.04,67.33333333333333,Good,Moderate,Moderate
186,Male,18,7.7,72.8,39,75,48,57,57.74,54.0,Average,Moderate,High
187,Female,22,1.3,50.6,99,42,44,59,66.92,61.666666666666664,Good,Low,Low
188,Male,18,6.1,53.6,47,36,69,55,54.75,50.666666666666664,Average,Low,High
189,Male,19,7.9,69.6,87,75,59,95,80.54,73.66666666666667,Excellent,Moderate,High
190,Female,17,8.9,74.0,79,89,37,97,73.08,68.33333333333333,Good,Moderate,Very High
191,Male,20,4.1,80.0,66,50,51,86,57.59,55.666666666666664,Average,Good,Moderate
192,Male,18,8.4,64.6,70,96,46,59,74.58,70.66666666666667,Good,Moderate,Very High
193,Male,21,2.0,84.7,94,82,88,89,88.17,88.0,Excellent,Good,Low
194,Male,18,8.6,93.0,45,64,58,80,68.59,55.666666666666664,Good,Excellent,Very High
195,Male,21,2.1,89.0,97,46,63,66,67.33,68.66666666666667,Good,Good,Moderate
196,Female,19,4.6,52.0,55,69,77,89,64.63,67.0,Good,Low,Moderate
197,Female,21,8.2,74.0,86,45,59,39,57.69,63.333333333333336,Average,Moderate,Very High
198,Female,20,2.3,55.2,89,98,94,70,82.1,93.66666666666667,Excellent,Low,Moderate
199,Male,17,3.1,62.1,60,84,99,83,78.85,81.0,Good,Moderate,Moderate
200,Male,21,7.5,99.3,68,55,62,92,67.56,61.666666666666664,Good,Excellent,High
201,Male,21,7.5,57.1,86,82,50,73,75.62,72.66666666666667,Good,Low,High
202,Female,17,6.8,74.9,86,54,81,95,75.13,73.66666666666667,Good,Moderate,High
203,Male,20,7.2,80.9,63,78,92,43,74.09,77.66666666666667,Good,Good,High
204,Male,18,5.9,85.1,72,67,61,40,61.42,66.66666666666667,Good,Good,High
205,Female,21,3.3,78.0,76,95,87,69,80.64,86.0,Excellent,Good,Moderate
206,Male,17,4.1,50.5,55,43,76,73,44.89,58.0,Average,Low,Moderate
207,Female,19,2.6,66.3,76,69,93,56,71.43,79.33333333333333,Good,Moderate,Moderate
208,Female,17,9.2,75.9,47,99,81,75,68.22,75.66666666666667,Good,Good,Very High
209,Female,19,6.3,54.4,98,42,68,39,70.81,69.33333333333333,Good,Low,High
210,Male,20,4.6,67.5,51,79,71,76,69.01,67.0,Good,Moderate,Moderate
211,Male,18,5.2,51.7,43,81,40,64,57.19,54.666666666666664,Average,Low,High
212,Male,17,9.5,53.9,75,74,41,91,74.52,63.333333333333336,Good,Low,Very High
213,Male,22,2.4,69.8,35,88,59,63,54.98,60.666666666666664,Average,Moderate,Moderate
214,Male,21,6.3,56.6,36,80,67,71,67.1,61.0,Good,Low,High
215,Male,20,5.6,78.4,94,81,89,47,85.32,88.0,Excellent,Good,High
216,Male,17,6.5,84.5,82,49,92,66,72.6,74.33333333333333,Good,Good,High
217,Female,21,1.2,90.0,63,53,41,80,62.49,52.333333333333336,Good,Good,Low
218,Male,17,8.8,60.0,44,60,91,57,58.07,65.0,Average,Low,Very High
219,Female,19,9.4,58.4,92,86,46,79,73.44,74.66666666666667,Good,Low,Very High
220,Male,17,6.1,55.2,94,56,50,51,63.44,66.66666666666667,Good,Low,High
221,Male,22,7.3,81.8,55,55,77,100,65.36,62.333333333333336,Good,Good,High
222,Male,17,9.3,85.3,62,85,41,40,61.0,62.666666666666664,Good,Good,Very High
223,Female,17,7.4,51.6,68,72,85,52,74.35,75.0,Good,Low,High
224,Female,22,2.4,96.8,42,54,66,56,54.74,54.0,Average,Excellent,Moderate
225,Female,20,6.2,52.6,93,63,42,67,68.52,66.0,Good,Low,High
226,Female,17,6.5,77.1,83,85,79,64,77.03,82.33333333333333,Good,Good,High
227,Male,22,4.8,85.5,51,38,93,66,53.67,60.666666666666664,Average,Good,Moderate
228,Female,21,7.6,93.5,94,89,38,76,79.88,73.66666666666667,Good,Excellent,High
229,Male,19,9.4,85.7,79,62,63,44,61.82,68.0,Good,Good,Very High
230,Male,19,9.3,90.1,66,38,63,70,62.29,55.666666666666664,Good,Excellent,Very High
231,Female,17,5.1,67.0,78,56,62,68,60.38,65.33333333333333,Good,Moderate,High
232,Female,20,2.0,90.7,99,79,78,62,89.27,85.33333333333333,Excellent,Excellent,Low
233,Female,20,9.9,54.0,42,100,38,45,63.7,60.0,Good,Low,Very High
234,Female,21,8.6,94.7,77,68,43,73,70.19,62.666666666666664,Good,Excellent,Very High
235,Female,17,2.1,77.4,35,89,39,81,62.49,54.333333333333336,Good,Good,Moderate
236,Female,19,9.3,90.9,85,35,90,53,67.9,70.0,Good,Excellent,Very High
237,Female,20,8.8,72.6,58,72,84,49,70.93,71.33333333333333,Good,Moderate,Very High
238,Female,17,5.7,82.2,58,40,49,62,55.27,49.0,Average,Good,High
239,Male,20,6.3,76.3,51,59,66,58,60.89,58.666666666666664,Good,Good,High
240,Female,22,4.6,86.6,39,51,62,43,57.2,50.666666666666664,Average,Good,Moderate
241,Female,20,1.5,54.1,54,95,56,81,68.34,68.33333333333333,Good,Low,Low
242,Male,19,4.0,53.0,55,46,51,67,53.35,50.666666666666664,Average,Low,Moderate
243,Female,18,8.2,62.4,92,40,93,96,69.52,75.0,Good,Moderate,Very High
244,Male,21,1.0,58.0,65,61,91,53,60.71,72.33333333333333,Good,Low,Low
245,Male,21,4.0,93.6,45,42,60,74,54.27,49.0,Average,Excellent,Moderate
246,Female,19,4.6,61.0,86,99,59,81,79.22,81.33333333333333,Good,Moderate,Moderate
247,Male,20,5.8,98.8,49,91,44,99,64.41,61.333333333333336,Good,Excellent,High
248,Male,17,9.3,66.8,41,74,79,63,73.88,64.66666666666667,Good,Moderate,Very High
249,Male,20,4.1,59.1,62,48,45,84,62.03,51.666666666666664,Good,Low,Moderate
250,Male,19,4.1,89.5,85,69,87,47,78.26,80.33333333333333,Good,Good,Moderate
251,Female,21,7.6,82.9,92,82,62,35,76.38,78.66666666666667,Good,Good,High
252,Male,20,5.1,74.9,39,90,99,68,69.99,76.0,Good,Moderate,High
253,Female,21,3.0,77.8,39,83,83,82,62.72,68.33333333333333,Good,Good,Moderate
254,Male,17,5.1,86.0,42,47,81,82,60.21,56.666666666666664,Good,Good,High
255,Male,21,2.3,61.4,98,95,86,83,86.97,93.0,Excellent,Moderate,Moderate
256,Male,21,2.6,99.8,44,83,88,98,67.66,71.66666666666667,Good,Excellent,Moderate
257,Male,18,5.5,98.7,72,80,94,95,83.86,82.0,Excellent,Excellent,High
258,Female,18,4.8,82.5,42,96,91,63,71.13,76.33333333333333,Good,Good,Moderate
259,Female,22,9.2,60.0,59,42,81,73,54.67,60.666666666666664,Average,Low,Very High
260,Male,18,4.3,84.0,100,77,65,60,75.36,80.66666666666667,Good,Good,Moderate
261,Male,21,6.2,53.6,84,54,80,51,66.61,72.66666666666667,Good,Low,High
262,Female,19,6.7,51.5,83,73,60,47,75.9,72.0,Good,Low,High
263,Male,21,1.1,62.9,70,83,39,60,64.62,64.0,Good,Moderate,Low
264,Male,19,7.0,73.1,75,98,86,83,77.97,86.33333333333333,Good,Moderate,High
265,Male,19,2.6,93.4,96,96,88,41,87.08,93.33333333333333,Excellent,Excellent,Moderate
266,Female,18,9.6,86.4,44,88,67,92,65.05,66.33333333333333,Good,Good,Very High
267,Female,20,2.3,87.1,55,43,84,83,66.54,60.666666666666664,Good,Good,Moderate
268,Female,17,4.7,71.3,70,71,72,87,69.45,71.0,Good,Moderate,Moderate
269,Male,18,1.8,67.3,46,83,61,99,63.91,63.333333333333336,Good,Moderate,Low
270,Male,18,10.0,68.6,36,75,49,96,66.11,53.333333333333336,Good,Moderate,Very High
271,Female,20,5.5,99.4,47,51,95,51,58.49,64.33333333333333,Average,Excellent,High
272,Female,17,6.4,52.0,87,55,55,77,61.36,65.66666666666667,Good,Low,High
273,Female,21,1.6,93.4,66,85,80,59,70.76,77.0,Good,Excellent,Low
274,Female,22,7.7,78.9,50,93,40,37,65.84,61.0,Good,Good,High
275,Male,22,2.9,71.9,66,73,72,63,61.31,70.33333333333333,Good,Moderate,Moderate
276,Female,21,9.1,86.3,66,89,96,66,69.7,83.66666666666667,Good,Good,Very High
277,Male,18,2.8,74.3,45,75,96,60,64.48,72.0,Good,Moderate,Moderate
278,Female,17,2.7,93.7,44,73,80,50,65.38,65.66666666666667,Good,Excellent,Moderate
279,Male,18,1.3,95.0,49,47,47,59,56.7,47.666666666666664,Average,Excellent,Low
280,Female,19,5.2,71.1,51,98,37,88,63.86,62.0,Good,Moderate,High
281,Female,18,6.1,63.8,74,45,40,62,55.43,53.0,Average,Moderate,High
282,Female,18,1.6,79.6,52,53,42,90,59.63,49.0,Average,Good,Low
283,Female,21,8.0,95.6,89,45,78,99,69.53,70.66666666666667,Good,Excellent,High
284,Male,21,5.1,60.5,59,80,67,75,65.65,68.66666666666667,Good,Moderate,High
285,Female,21,5.7,81.1,93,79,84,85,84.67,85.33333333333333,Excellent,Good,High
286,Male,22,5.0,81.6,56,35,45,63,53.31,45.333333333333336,Average,Good,Moderate
287,Male,19,4.6,86.7,64,74,62,53,64.33,66.66666666666667,Good,Good,Moderate
288,Male,21,6.0,56.6,78,53,75,100,70.45,68.66666666666667,Good,Low,High
289,Male,17,2.4,85.8,66,95,50,75,60.88,70.33333333333333,Good,Good,Moderate
290,Female,22,2.6,95.5,85,46,82,79,69.52,71.0,Good,Excellent,Moderate
291,Male,20,8.8,59.0,80,95,90,49,82.76,88.33333333333333,Excellent,Low,Very High
292,Male,17,9.5,61.9,55,67,98,37,63.56,73.33333333333333,Good,Moderate,Very High
293,Male,17,4.4,98.6,66,79,93,45,74.95,79.33333333333333,Good,Excellent,Moderate
294,Female,21,3.4,59.0,73,42,96,87,69.69,70.33333333333333,Good,Low,Moderate
295,Female,20,6.8,92.7,46,59,45,80,56.85,50.0,Average,Excellent,High
296,Female,20,4.7,74.6,81,80,52,64,71.59,71.0,Good,Moderate,Moderate
297,Female,22,1.2,62.4,52,64,53,91,54.29,56.333333333333336,Average,Moderate,Low
298,Male,20,2.4,93.5,55,81,89,52,69.47,75.0,Good,Excellent,Moderate
299,Male,19,7.4,72.3,47,83,60,85,68.72,63.333333333333336,Good,Moderate,High
300,Female,21,6.9,75.7,55,81,40,82,64.6,58.666666666666664,Good,Good,High
301,Male,20,1.2,68.0,42,52,38,100,48.25,44.0,Average,Moderate,Low
302,Male,22,3.0,79.6,80,100,63,42,76.16,81.0,Good,Good,Moderate
303,Male,19,3.1,58.2,41,67,93,56,63.48,67.0,Good,Low,Moderate
304,Female,18,7.0,69.6,57,70,51,40,51.06,59.333333333333336,Average,Moderate,High
305,Female,18,1.2,98.5,56,53,77,91,69.64,62.0,Good,Excellent,Low
306,Male,19,1.9,62.9,56,62,100,70,65.19,72.66666666666667,Good,Moderate,Low
307,Female,22,8.2,82.8,63,74,68,91,74.18,68.33333333333333,Good,Good,Very High
308,Female,19,2.6,66.3,47,49,42,83,55.77,46.0,Average,Moderate,Moderate
309,Female,21,6.9,88.7,36,75,47,79,53.68,52.666666666666664,Average,Good,High
310,Female,21,3.1,56.5,63,73,42,100,59.91,59.333333333333336,Average,Low,Moderate
311,Female,18,1.9,98.5,86,36,99,79,72.15,73.66666666666667,Good,Excellent,Low
312,Male,20,3.2,72.7,61,97,77,54,69.08,78.33333333333333,Good,Moderate,Moderate
313,Female,22,7.5,61.8,84,63,73,98,82.22,73.33333333333333,Excellent,Moderate,High
314,Male,18,8.7,53.7,57,100,93,37,70.69,83.33333333333333,Good,Low,Very High
315,Male,20,8.5,58.5,78,85,78,88,76.93,80.33333333333333,Good,Low,Very High
316,Female,20,4.6,76.0,56,44,43,98,56.92,47.666666666666664,Average,Good,Moderate
317,Male,21,7.0,66.9,77,48,71,74,62.08,65.33333333333333,Good,Moderate,High
318,Male,17,2.8,91.4,71,85,70,93,74.81,75.33333333333333,Good,Excellent,Moderate
319,Male,17,3.6,71.5,95,73,62,89,78.27,76.66666666666667,Good,Moderate,Moderate
320,Female,19,9.1,62.4,90,62,76,96,76.76,76.0,Good,Moderate,Very High
321,Female,21,1.1,80.9,37,37,77,38,47.82,50.333333333333336,Average,Good,Low
322,Male,20,1.8,85.3,97,61,76,94,76.26,78.0,Good,Good,Low
323,Female,22,2.9,58.4,53,36,100,64,52.53,63.0,Average,Low,Moderate
324,Female,17,1.2,58.4,57,72,89,36,64.23,72.66666666666667,Good,Low,Low
325,Female,20,2.6,51.8,63,37,82,96,67.65,60.666666666666664,Good,Low,Moderate
326,Female,17,6.2,86.8,64,50,56,83,63.05,56.666666666666664,Good,Good,High
327,Male,17,4.8,83.2,73,74,61,43,68.52,69.33333333333333,Good,Good,Moderate
328,Male,17,9.0,73.7,59,36,47,65,57.24,47.333333333333336,Average,Moderate,Very High
329,Female,22,8.4,92.2,42,75,79,95,64.99,65.33333333333333,Good,Excellent,Very High
330,Female,21,4.1,90.3,92,46,44,82,73.99,60.666666666666664,Good,Excellent,Moderate
331,Male,22,3.3,79.3,50,69,43,59,57.14,54.0,Average,Good,Moderate
332,Male,18,4.4,93.4,35,99,88,70,77.92,74.0,Good,Excellent,Moderate
333,Female,20,6.3,60.3,39,89,61,42,56.6,63.0,Average,Moderate,High
334,Male,21,3.4,55.6,37,79,68,92,68.18,61.333333333333336,Good,Low,Moderate
335,Female,21,6.6,63.5,99,96,35,79,81.35,76.66666666666667,Excellent,Moderate,High
336,Female,21,4.7,52.9,38,83,66,96,64.8,62.333333333333336,Good,Low,Moderate
337,Male,21,6.0,76.6,98,59,54,73,73.85,70.33333333333333,Good,Good,High
338,Male,22,4.9,96.8,44,57,69,92,61.59,56.666666666666664,Good,Excellent,Moderate
339,Female,21,3.7,52.0,55,58,51,98,62.85,54.666666666666664,Good,Low,Moderate
340,Female,19,9.5,56.1,80,72,52,78,71.12,68.0,Good,Low,Very High
341,Male,20,7.9,72.6,61,62,79,63,59.24,67.33333333333333,Average,Moderate,High
342,Female,21,2.3,96.7,100,55,87,93,76.8,80.66666666666667,Good,Excellent,Moderate
343,Male,20,8.8,65.8,75,88,99,43,78.84,87.33333333333333,Good,Moderate,Very High
344,Female,19,5.4,75.4,47,52,35,40,49.58,44.666666666666664,Average,Good,High
345,Male,19,9.1,52.1,43,70,92,63,64.63,68.33333333333333,Good,Low,Very High
346,Male,20,8.2,57.4,70,79,60,92,76.67,69.66666666666667,Good,Low,Very High
347,Male,17,4.8,99.3,92,87,54,51,69.78,77.66666666666667,Good,Excellent,Moderate
348,Female,18,1.2,98.3,88,64,44,50,67.2,65.33333333333333,Good,Excellent,Low
349,Female,17,3.4,50.2,46,94,93,37,59.05,77.66666666666667,Average,Low,Moderate
350,Male,17,5.9,97.6,48,66,75,55,67.15,63.0,Good,Excellent,High
351,Female,22,6.7,82.0,68,62,39,98,64.67,56.333333333333336,Good,Good,High
352,Male,17,3.3,93.4,87,78,99,70,85.07,88.0,Excellent,Excellent,Moderate
353,Male,21,2.3,72.7,54,75,51,96,59.71,60.0,Average,Moderate,Moderate
354,Female,22,8.5,75.8,50,97,56,76,75.0,67.66666666666667,Good,Good,Very High
355,Female,22,9.9,74.4,90,57,75,76,80.41,74.0,Excellent,Moderate,Very High
356,Male,19,5.7,83.3,92,82,45,95,80.11,73.0,Excellent,Good,High
357,Female,17,2.5,57.0,38,66,90,47,57.03,64.66666666666667,Average,Low,Moderate
358,Female,19,3.5,51.5,38,91,85,45,64.87,71.33333333333333,Good,Low,Moderate
359,Male,20,1.2,65.4,54,67,55,88,57.06,58.666666666666664,Average,Moderate,Low
360,Male,18,9.2,85.2,44,58,60,50,61.24,54.0,Good,Good,Very High
361,Female,22,2.1,60.1,58,73,53,42,64.11,61.333333333333336,Good,Moderate,Moderate
362,Male,20,6.2,83.7,60,68,94,93,78.85,74.0,Good,Good,High
363,Male,20,3.5,98.5,71,90,81,91,77.78,80.66666666666667,Good,Excellent,Moderate
364,Female,21,6.0,54.7,88,62,60,74,71.22,70.0,Good,Low,High
365,Male,18,6.9,83.6,55,71,74,93,64.99,66.66666666666667,Good,Good,High
366,Male,20,8.5,72.2,72,41,39,36,57.01,50.666666666666664,Average,Moderate,Very High
367,Female,20,2.9,93.4,80,71,55,44,69.74,68.66666666666667,Good,Excellent,Moderate
368,Female,18,1.1,58.9,38,90,38,78,48.26,55.333333333333336,Average,Low,Low
369,Male,18,2.2,84.6,94,99,57,45,73.76,83.33333333333333,Good,Good,Moderate
370,Male,20,9.1,91.9,91,99,49,36,78.06,79.66666666666667,Good,Excellent,Very High
371,Female,18,8.9,97.2,79,81,42,84,73.72,67.33333333333333,Good,Excellent,Very High
372,Female,20,6.4,84.2,54,54,75,46,56.08,61.0,Average,Good,High
373,Female,20,6.4,74.9,51,53,53,57,57.1,52.333333333333336,Average,Moderate,High
374,Female,21,7.0,80.9,38,63,80,52,60.95,60.333333333333336,Good,Good,High
375,Male,17,2.6,93.4,48,94,62,96,69.76,68.0,Good,Excellent,Moderate
376,Female,20,9.2,78.5,37,52,49,96,52.93,46.0,Average,Good,Very High
377,Female,19,4.8,51.5,92,69,71,72,77.99,77.33333333333333,Good,Low,Moderate
378,Male,22,4.4,96.5,89,77,35,72,78.62,67.0,Good,Excellent,Moderate
379,Female,17,5.7,84.5,38,45,58,95,53.12,47.0,Average,Good,High
380,Male,17,1.4,83.8,58,83,61,35,60.48,67.33333333333333,Good,Good,Low
381,Female,17,2.5,60.8,68,72,74,79,70.39,71.33333333333333,Good,Moderate,Moderate
382,Female,21,7.6,82.9,64,98,97,62,79.96,86.33333333333333,Good,Good,High
383,Female,20,1.7,69.7,53,42,95,55,58.16,63.333333333333336,Average,Moderate,Low
384,Male,21,6.4,82.6,65,68,70,47,69.62,67.66666666666667,Good,Good,High
385,Male,20,3.2,55.3,94,82,58,61,65.89,78.0,Good,Low,Moderate
386,Female,21,4.5,82.9,94,90,58,41,82.21,80.66666666666667,Excellent,Good,Moderate
387,Male,21,3.6,100.0,53,99,38,56,65.94,63.333333333333336,Good,Excellent,Moderate
388,Male,22,4.2,52.4,83,65,68,87,69.14,72.0,Good,Low,Moderate
389,Male,19,7.5,98.9,97,38,91,38,73.88,75.33333333333333,Good,Excellent,High
390,Male,21,3.7,70.3,56,84,83,57,68.83,74.33333333333333,Good,Moderate,Moderate
391,Male,22,6.1,93.5,58,64,87,67,62.98,69.66666666666667,Good,Excellent,High
392,Male,18,5.3,89.1,64,93,57,62,77.59,71.33333333333333,Good,Good,High
393,Female,19,7.0,78.4,92,79,87,42,80.46,86.0,Excellent,Good,High
394,Female,21,9.4,86.9,65,38,96,35,66.86,66.33333333333333,Good,Good,Very High
395,Male,17,7.6,93.9,98,60,75,71,83.5,77.66666666666667,Excellent,Excellent,High
396,Female,18,2.9,70.2,53,61,91,97,63.44,68.33333333333333,Good,Moderate,Moderate
397,Female,18,1.3,66.4,82,80,94,56,78.18,85.33333333333333,Good,Moderate,Low
398,Female,22,3.4,83.4,79,98,88,55,80.27,88.33333333333333,Excellent,Good,Moderate
399,Female,18,6.4,90.4,89,85,91,69,88.68,88.33333333333333,Excellent,Excellent,High
400,Male,19,1.5,88.1,89,84,44,39,61.45,72.33333333333333,Good,Good,Low
401,Female,21,5.5,89.9,52,40,74,94,61.14,55.333333333333336,Good,Good,High
402,Female,21,6.4,71.8,97,93,41,80,76.52,77.0,Good,Moderate,High
403,Male,17,4.0,90.9,81,49,72,84,72.17,67.33333333333333,Good,Excellent,Moderate
404,Male,22,7.9,56.0,91,64,95,82,81.93,83.33333333333333,Excellent,Low,High
405,Female,17,2.0,77.2,79,76,37,40,59.99,64.0,Average,Good,Low
406,Female,18,1.7,50.3,67,71,85,90,66.88,74.33333333333333,Good,Low,Low
407,Female,17,7.6,66.2,51,76,81,93,69.78,69.33333333333333,Good,Moderate,High
408,Female,19,5.5,68.3,38,69,72,63,55.34,59.666666666666664,Average,Moderate,High
409,Female,21,7.2,69.8,54,40,70,52,59.35,54.666666666666664,Average,Moderate,High
410,Female,18,4.9,84.8,81,52,75,36,65.35,69.33333333333333,Good,Good,Moderate
411,Male,17,3.2,69.4,49,63,47,42,40.96,53.0,Average,Moderate,Moderate
412,Female,22,8.4,72.4,81,93,92,88,84.69,88.66666666666667,Excellent,Moderate,Very High
413,Female,19,8.2,61.9,43,81,84,72,63.29,69.33333333333333,Good,Moderate,Very High
414,Male,19,7.3,68.7,50,51,64,82,52.74,55.0,Average,Moderate,High
415,Male,17,3.4,61.4,95,56,96,61,70.69,82.33333333333333,Good,Moderate,Moderate
416,Male,21,6.3,53.7,44,71,59,54,57.11,58.0,Average,Low,High
417,Male,17,4.2,80.2,84,83,61,46,78.18,76.0,Good,Good,Moderate
418,Female,18,1.8,83.4,37,47,85,77,58.04,56.333333333333336,Average,Good,Low
419,Female,17,9.3,81.0,85,68,91,95,80.52,81.33333333333333,Excellent,Good,Very High
420,Female,19,2.2,73.2,53,87,81,65,70.59,73.66666666666667,Good,Moderate,Moderate
421,Female,17,9.6,69.0,76,85,73,95,78.01,78.0,Good,Moderate,Very High
422,Female,21,5.0,93.2,69,37,50,69,55.89,52.0,Average,Excellent,Moderate
423,Female,22,2.7,76.0,80,76,56,49,63.43,70.66666666666667,Good,Good,Moderate
424,Male,20,5.9,74.0,60,66,88,50,60.44,71.33333333333333,Good,Moderate,High
425,Female,17,8.9,51.3,98,85,55,47,74.37,79.33333333333333,Good,Low,Very High
426,Male,21,7.6,67.1,71,80,50,69,69.34,67.0,Good,Moderate,High
427,Male,21,8.3,69.0,83,55,93,93,77.21,77.0,Good,Moderate,Very High
428,Female,22,6.9,69.9,55,78,65,55,63.28,66.0,Good,Moderate,High
429,Male,19,7.2,79.0,98,45,76,88,72.37,73.0,Good,Good,High
430,Female,21,8.6,76.7,39,35,66,64,54.45,46.666666666666664,Average,Good,Very High
431,Male,21,3.2,80.4,38,97,93,82,66.82,76.0,Good,Good,Moderate
432,Female,21,5.4,88.2,73,58,68,69,71.52,66.33333333333333,Good,Good,High
433,Male,21,3.0,90.6,69,47,43,72,54.8,53.0,Average,Excellent,Moderate
434,Female,18,9.9,85.9,35,45,45,65,47.78,41.666666666666664,Average,Good,Very High
435,Female,18,9.5,97.8,58,85,44,58,61.91,62.333333333333336,Good,Excellent,Very High
436,Female,19,1.4,50.9,91,51,51,83,62.33,64.33333333333333,Good,Low,Low
437,Female,17,7.4,59.8,75,58,82,66,73.58,71.66666666666667,Good,Low,High
438,Female,21,9.3,50.4,88,53,86,89,77.5,75.66666666666667,Good,Low,Very High
439,Male,22,2.6,82.4,80,71,59,92,76.2,70.0,Good,Good,Moderate
440,Male,17,6.1,94.9,94,42,55,37,68.03,63.666666666666664,Good,Excellent,High
441,Male,22,9.2,62.2,94,62,99,44,74.31,85.0,Good,Moderate,Very High
442,Female,17,1.3,96.4,91,39,97,59,71.32,75.66666666666667,Good,Excellent,Low
443,Male,19,7.3,53.0,65,51,85,95,64.58,67.0,Good,Low,High
444,Female,21,3.7,96.7,58,70,70,63,72.04,66.0,Good,Excellent,Moderate
445,Female,21,9.3,67.6,70,53,100,53,66.17,74.33333333333333,Good,Moderate,Very High
446,Male,20,9.7,55.1,64,98,49,77,75.13,70.33333333333333,Good,Low,Very High
447,Male,22,9.5,74.3,58,45,73,100,69.0,58.666666666666664,Good,Moderate,Very High
448,Female,17,5.3,62.8,64,88,35,95,73.95,62.333333333333336,Good,Moderate,High
449,Male,17,8.8,64.2,41,79,57,77,60.33,59.0,Good,Moderate,Very High
450,Female,18,8.6,65.4,69,81,73,59,75.14,74.33333333333333,Good,Moderate,Very High
451,Female,20,3.9,90.2,89,46,91,54,81.9,75.33333333333333,Excellent,Excellent,Moderate
452,Female,18,8.5,77.0,48,55,68,82,59.43,57.0,Average,Good,Very High
453,Female,18,1.3,65.6,44,45,75,58,46.32,54.666666666666664,Average,Moderate,Low
454,Female,18,6.4,80.5,50,39,47,45,42.38,45.333333333333336,Average,Good,High
455,Male,22,3.1,85.8,88,90,40,89,78.78,72.66666666666667,Good,Good,Moderate
456,Male,22,2.1,63.6,78,54,86,62,60.18,72.66666666666667,Good,Moderate,Moderate
457,Female,19,1.7,70.7,79,75,37,97,65.98,63.666666666666664,Good,Moderate,Low
458,Female,19,7.3,56.1,90,80,97,93,86.71,89.0,Excellent,Low,High
459,Male,18,4.1,59.1,91,46,83,39,68.0,73.33333333333333,Good,Low,Moderate
460,Male,20,7.5,84.1,55,51,81,85,67.81,62.333333333333336,Good,Good,High
461,Female,17,1.6,59.1,84,53,89,55,69.35,75.33333333333333,Good,Low,Low
462,Male,22,3.8,76.3,67,60,98,46,73.95,75.0,Good,Good,Moderate
463,Female,20,5.9,85.5,41,82,99,84,68.69,74.0,Good,Good,High
464,Male,21,8.1,55.3,49,86,49,38,56.67,61.333333333333336,Average,Low,Very High
465,Female,22,3.9,78.4,66,89,66,76,69.55,73.66666666666667,Good,Good,Moderate
466,Male,22,6.6,62.8,54,67,52,72,63.45,57.666666666666664,Good,Moderate,High
467,Female,19,9.0,98.1,49,96,77,59,77.91,74.0,Good,Excellent,Very High
468,Male,17,6.5,74.2,82,57,69,48,69.92,69.33333333333333,Good,Moderate,High
469,Male,17,3.1,90.3,55,49,92,66,69.06,65.33333333333333,Good,Excellent,Moderate
470,Female,21,1.2,77.5,76,61,67,45,59.59,68.0,Average,Good,Low
471,Male,21,8.8,52.2,60,98,48,95,77.89,68.66666666666667,Good,Low,Very High
472,Female,22,1.2,81.7,48,85,68,52,69.31,67.0,Good,Good,Low
473,Male,18,8.9,97.6,91,87,95,61,91.3,91.0,Excellent,Excellent,Very High
474,Female,19,5.8,80.1,71,85,38,89,77.09,64.66666666666667,Good,Good,High
475,Male,19,9.5,91.0,92,81,93,88,82.47,88.66666666666667,Excellent,Excellent,Very High
476,Female,22,8.2,94.2,55,38,63,55,55.52,52.0,Average,Excellent,Very High
477,Male,20,10.0,61.4,37,41,40,78,45.35,39.333333333333336,Average,Moderate,Very High
478,Female,18,4.2,60.6,71,69,83,39,70.1,74.33333333333333,Good,Moderate,Moderate
479,Male,22,7.9,80.5,83,82,74,75,75.5,79.66666666666667,Good,Good,High
480,Female,18,4.6,70.6,53,79,99,93,77.14,77.0,Good,Moderate,Moderate
481,Female,18,5.3,92.0,46,53,61,88,65.38,53.333333333333336,Good,Excellent,High
482,Female,18,6.6,95.0,95,97,40,56,81.93,77.33333333333333,Excellent,Excellent,High
483,Male,22,8.9,67.7,75,72,47,99,72.16,64.66666666666667,Good,Moderate,Very High
484,Female,19,9.9,61.8,67,93,98,98,79.93,86.0,Good,Moderate,Very High
485,Male,19,7.9,89.0,84,47,96,38,69.41,75.66666666666667,Good,Good,High
486,Female,18,4.8,63.7,67,81,53,99,74.62,67.0,Good,Moderate,Moderate
487,Male,20,4.8,91.1,58,95,77,49,76.08,76.66666666666667,Good,Excellent,Moderate
488,Female,17,7.6,71.2,95,65,54,56,71.91,71.33333333333333,Good,Moderate,High
489,Male,22,3.1,83.4,95,56,78,81,74.42,76.33333333333333,Good,Good,Moderate
490,Male,17,2.0,54.8,62,77,57,80,55.63,65.33333333333333,Average,Low,Low
491,Female,20,4.2,81.2,92,88,36,48,67.54,72.0,Good,Good,Moderate
492,Male,22,3.6,72.6,77,44,56,84,70.41,59.0,Good,Moderate,Moderate
493,Male,18,3.7,79.3,75,76,91,54,69.76,80.66666666666667,Good,Good,Moderate
494,Female,19,3.1,58.4,73,98,41,84,71.15,70.66666666666667,Good,Low,Moderate
495,Male,17,1.4,86.8,83,55,90,67,76.76,76.0,Good,Good,Low
496,Male,21,1.2,93.1,51,100,50,93,64.49,67.0,Good,Excellent,Low
497,Male,21,9.9,60.8,99,75,85,77,84.92,86.33333333333333,Excellent,Moderate,Very High
498,Female,20,4.8,54.8,39,58,46,46,51.63,47.666666666666664,Average,Low,Moderate
499,Male,18,4.5,51.2,36,69,87,74,60.27,64.0,Good,Low,Moderate
500,Female,17,7.1,82.1,56,90,39,54,75.73,61.666666666666664,Good,Good,High
