Customer_ID,Age,Website_Visits,Service_Inquiries,Training_Interest,Internship_Interest,Engagement_Score,Monthly_Spending,Previous_Purchases,Support_Interactions,Days_Since_Last_Interaction,Total_Interest,Total_Interactions,Customer_Value,Cluster,PCA1,PCA2,Customer_Segment,Recommended_Service
CUST_0001,46,16,5,8,10,17,10912,7,2,113,23,23,17912,0,1.4292105869659297,0.45070662940259704,Training-Focused Customers,Data Analytics & Python Training
CUST_0002,32,29,3,7,2,55,16186,7,1,28,12,33,23186,0,0.3789801220820008,0.5352178066256948,Training-Focused Customers,Data Analytics & Python Training
CUST_0003,25,13,7,2,7,16,7730,4,0,97,16,20,11730,1,-0.20439101559466957,-0.8376680519263742,Highly Engaged Customers,Industry Internship Program
CUST_0004,38,14,3,10,9,32,15932,8,0,37,22,17,23932,1,0.644580715425048,1.5142010621774697,Highly Engaged Customers,Data Analytics & Python Training
CUST_0005,36,3,7,8,1,84,11502,0,6,137,16,16,11502,1,-0.39922703475929266,-0.849211767650909,Highly Engaged Customers,Data Analytics & Python Training
CUST_0006,40,29,7,2,8,95,14447,3,4,82,17,40,17447,0,2.034785482278882,-0.2893019869566513,Training-Focused Customers,Industry Internship Program
CUST_0007,28,6,4,8,2,31,14186,2,7,56,14,17,16186,1,-0.6500950056757804,-0.31646440035801693,Highly Engaged Customers,Data Analytics & Python Training
CUST_0008,28,18,3,1,4,98,18415,1,3,85,8,24,19415,0,-1.0848792599569241,0.0041973348193286705,Training-Focused Customers,Premium Digital Solutions
CUST_0009,41,19,1,9,9,31,13574,7,6,2,19,26,20574,0,1.1488167122407293,0.38454005045432876,Training-Focused Customers,Data Analytics & Python Training
CUST_0010,41,5,10,8,7,38,19874,6,4,58,25,19,25874,1,1.3095294845308527,1.9988988463617048,Highly Engaged Customers,Data Analytics & Python Training
CUST_0011,20,15,2,7,1,22,24039,8,4,107,10,21,32039,1,-1.112250530344015,2.335828063137528,Highly Engaged Customers,Data Analytics & Python Training
CUST_0012,39,25,2,8,5,91,4993,1,6,123,15,33,5993,0,1.2047829092150193,-2.3375236107779216,Training-Focused Customers,Data Analytics & Python Training
CUST_0013,19,2,3,4,4,11,17817,3,5,168,11,10,20817,1,-1.9114328471198978,0.745704627956855,Highly Engaged Customers,Beginner Training & Orientation
CUST_0014,41,10,3,10,9,38,1960,5,4,164,22,17,6960,1,0.8268820001299926,-1.4106101933764683,Highly Engaged Customers,Data Analytics & Python Training
CUST_0015,47,24,9,10,8,94,14640,10,5,114,27,38,24640,0,3.57790598802816,1.4687761191676496,Training-Focused Customers,Data Analytics & Python Training
CUST_0016,19,30,10,1,4,88,19607,2,0,107,15,40,21607,0,1.4928646524485027,0.5203212136923532,Training-Focused Customers,IT & Digital Services
CUST_0017,38,18,10,7,1,61,11204,7,0,37,18,28,18204,0,0.8255013933772788,0.1308308014446344,Training-Focused Customers,Data Analytics & Python Training
CUST_0018,50,27,4,5,4,36,17169,2,4,79,13,35,19169,0,0.8426957080483028,-0.11273299154511164,Training-Focused Customers,Beginner Training & Orientation
CUST_0019,29,13,3,7,3,59,17148,1,0,92,13,16,18148,1,-1.0235966307290532,0.222013744991171,Highly Engaged Customers,Data Analytics & Python Training
CUST_0020,39,5,10,10,10,88,7316,2,3,18,30,18,9316,1,2.233002603608257,-0.7303538733421556,Highly Engaged Customers,Data Analytics & Python Training
CUST_0021,42,23,9,4,6,32,12139,10,5,98,19,37,22139,0,1.9705056168788395,0.6575513098388125,Training-Focused Customers,IT & Digital Services
CUST_0022,44,24,7,9,5,97,14924,5,5,63,21,36,19924,0,2.3729632159148792,0.3282408279461536,Training-Focused Customers,Data Analytics & Python Training
CUST_0023,45,1,5,1,1,53,14465,1,4,150,7,10,15465,1,-2.664857525590918,-0.3586454179616117,Highly Engaged Customers,Beginner Training & Orientation
CUST_0024,33,22,5,5,10,86,18646,7,0,139,20,27,25646,0,1.2464687985154568,1.7227745710844484,Training-Focused Customers,Industry Internship Program
CUST_0025,32,1,7,4,10,31,11740,0,1,4,21,9,11740,1,-0.29082579261614044,-0.48594734048452787,Highly Engaged Customers,Industry Internship Program
CUST_0026,20,18,6,4,4,52,540,6,7,135,14,31,6540,0,0.6833190900898342,-2.234331517944847,Training-Focused Customers,Beginner Training & Orientation
CUST_0027,24,15,9,0,6,46,6327,1,6,61,15,30,7327,0,0.7023072286547555,-2.022472258265935,Training-Focused Customers,IT & Digital Services
CUST_0028,38,17,10,1,10,70,8759,9,6,107,21,33,17759,0,2.0067209701485758,0.09124748812411397,Training-Focused Customers,Industry Internship Program
CUST_0029,26,11,9,7,6,65,17871,5,5,54,22,25,22871,0,1.4154530502271152,1.163512693253454,Training-Focused Customers,Data Analytics & Python Training
CUST_0030,35,21,7,2,4,12,15349,1,4,88,13,32,16349,0,0.4810625998988574,-0.49284567964234455,Training-Focused Customers,IT & Digital Services
CUST_0031,21,26,1,9,8,72,16732,1,4,68,18,31,17732,0,1.4945622243514616,-0.0918333034074127,Training-Focused Customers,Data Analytics & Python Training
CUST_0032,42,25,8,2,3,28,8304,9,3,129,13,36,17304,0,0.7721268627326642,-0.3811929686001519,Training-Focused Customers,IT & Digital Services
CUST_0033,31,22,0,7,10,32,24673,7,2,55,17,24,31673,0,0.5026949745238015,2.499866204119973,Training-Focused Customers,Data Analytics & Python Training
CUST_0034,26,27,7,7,2,38,22601,1,7,3,16,41,23601,0,1.9408449736418938,0.5391342731046748,Training-Focused Customers,Data Analytics & Python Training
CUST_0035,43,27,10,1,3,39,20082,6,2,166,14,39,26082,0,1.1807450739302263,1.3060562076672728,Training-Focused Customers,IT & Digital Services
CUST_0036,19,17,3,7,4,48,5874,2,5,121,14,25,7874,0,0.1579033745720442,-1.8519311440136075,Training-Focused Customers,Data Analytics & Python Training
CUST_0037,37,13,3,10,5,34,21674,7,6,129,18,22,28674,1,0.5108508631604518,2.084513713177927,Highly Engaged Customers,Data Analytics & Python Training
CUST_0038,45,1,4,0,2,17,24067,6,3,102,6,8,30067,1,-3.152288573378481,2.169010373082668,Highly Engaged Customers,Beginner Training & Orientation
CUST_0039,24,2,7,5,1,67,3024,7,3,38,13,12,10024,1,-1.470428841996534,-1.2963880577981979,Highly Engaged Customers,IT & Digital Services
CUST_0040,25,9,4,7,3,25,9777,6,3,85,14,16,15777,1,-0.8559037020517009,-0.26778428536936244,Highly Engaged Customers,Data Analytics & Python Training
CUST_0041,31,3,7,2,4,81,19363,10,5,157,13,15,29363,1,-1.1951915682796639,2.2561506493757766,Highly Engaged Customers,IT & Digital Services
CUST_0042,34,1,9,7,3,10,10385,5,2,133,19,12,15385,1,-0.46207557296950325,0.13052976593398002,Highly Engaged Customers,Data Analytics & Python Training
CUST_0043,21,21,0,0,10,14,22038,6,6,92,10,27,28038,0,-0.3995558594310107,1.46304808373447,Training-Focused Customers,Industry Internship Program
CUST_0044,19,16,9,10,2,12,1278,4,3,21,21,28,5278,0,1.4968218349891738,-2.1518816088005317,Training-Focused Customers,Data Analytics & Python Training
CUST_0045,23,23,8,10,7,74,1992,6,6,109,25,37,7992,0,3.2284379979174807,-1.6127419907748821,Training-Focused Customers,Data Analytics & Python Training
CUST_0046,21,6,5,8,9,13,17544,0,0,47,22,11,17544,1,0.08609407463172203,0.602223950291493,Highly Engaged Customers,Data Analytics & Python Training
CUST_0047,46,28,2,10,3,73,18232,0,4,84,15,34,18232,0,1.2044883180592063,-0.18118613320970506,Training-Focused Customers,Data Analytics & Python Training
CUST_0048,35,17,7,8,1,98,14115,8,4,83,16,28,22115,0,0.6246507692169587,0.6932877836726774,Training-Focused Customers,Data Analytics & Python Training
CUST_0049,43,5,8,4,1,19,12632,4,6,35,13,19,16632,1,-0.7898478683807725,-0.29995130563532496,Highly Engaged Customers,IT & Digital Services
CUST_0050,27,5,5,9,0,30,10678,4,1,69,14,11,14678,1,-1.3917011900837861,-0.3251717913792331,Highly Engaged Customers,Data Analytics & Python Training
CUST_0051,31,6,10,3,3,55,8351,2,1,129,16,17,10351,1,-0.5068978487104014,-0.9515219926993977,Highly Engaged Customers,IT & Digital Services
CUST_0052,48,3,6,10,9,100,16788,4,5,140,25,14,20788,1,1.035369952098225,1.2797028979644411,Highly Engaged Customers,Data Analytics & Python Training
CUST_0053,32,21,0,5,8,36,7656,2,5,27,13,26,9656,0,0.1282455879146525,-1.7548927252117352,Training-Focused Customers,Industry Internship Program
CUST_0054,25,23,4,6,10,75,2544,8,4,56,20,31,10544,0,1.7651042134264758,-1.3191578101566028,Training-Focused Customers,Industry Internship Program
CUST_0055,31,5,4,4,6,50,7868,8,0,23,14,9,15868,1,-1.592633341635525,-0.11631332433878358,Highly Engaged Customers,Beginner Training & Orientation
CUST_0056,40,21,9,10,9,22,20400,5,7,153,28,37,25400,0,3.700276840834817,1.719741246319433,Training-Focused Customers,Data Analytics & Python Training
CUST_0057,38,5,3,9,6,18,14135,0,2,21,18,10,14135,1,-0.6507972786522646,-0.2853076756081708,Highly Engaged Customers,Data Analytics & Python Training
CUST_0058,33,10,5,8,6,45,9668,6,2,61,19,17,15668,1,0.13247339535425687,-0.07773443510950308,Highly Engaged Customers,Data Analytics & Python Training
CUST_0059,35,10,6,2,7,95,21461,6,5,63,15,21,27461,1,-0.18251661073151038,1.7620912577265828,Highly Engaged Customers,Industry Internship Program
CUST_0060,41,19,8,6,0,99,17611,9,0,122,14,27,26611,0,0.033786975724156655,1.5834661801067618,Training-Focused Customers,IT & Digital Services
CUST_0061,43,17,0,9,9,67,11828,9,5,52,18,22,20828,0,0.5976549148142132,0.5500568899327956,Training-Focused Customers,Data Analytics & Python Training
CUST_0062,42,21,5,9,9,63,13819,3,7,88,23,33,16819,0,2.556977972579952,-0.07711538594085614,Training-Focused Customers,Data Analytics & Python Training
CUST_0063,46,14,6,10,7,21,24352,7,2,153,23,22,31352,1,1.2634374809408169,2.9491869376218487,Highly Engaged Customers,Data Analytics & Python Training
CUST_0064,32,9,2,4,3,90,842,5,6,55,9,17,5842,1,-1.4862238029900494,-2.404341601846972,Highly Engaged Customers,Beginner Training & Orientation
CUST_0065,18,14,7,6,3,87,1947,3,5,46,16,26,4947,0,0.5401650168243635,-2.379393337552262,Training-Focused Customers,IT & Digital Services
CUST_0066,42,1,4,1,3,23,7081,3,3,32,8,8,10081,1,-2.6974343421180604,-1.4208909465451796,Highly Engaged Customers,Beginner Training & Orientation
CUST_0067,24,19,8,3,5,43,12351,1,6,55,16,33,13351,0,1.1749377408329065,-0.9937008232973955,Training-Focused Customers,IT & Digital Services
CUST_0068,26,13,4,1,6,62,6817,1,7,96,11,24,7817,0,-0.45458877500950323,-2.0049990540159306,Training-Focused Customers,Beginner Training & Orientation
CUST_0069,41,13,8,6,5,29,17410,3,7,133,19,28,20410,0,1.226132963097498,0.592529806553282,Training-Focused Customers,IT & Digital Services
CUST_0070,18,4,9,1,0,84,10588,4,5,36,10,18,14588,1,-1.4346833696164354,-0.7284551490153792,Highly Engaged Customers,IT & Digital Services
CUST_0071,25,30,3,10,7,25,13446,7,4,110,20,37,20446,0,2.309029582000449,0.37467447596357245,Training-Focused Customers,Data Analytics & Python Training
CUST_0072,41,1,8,0,9,79,23632,5,5,177,17,14,28632,1,-0.5278160037796715,2.431693901909117,Highly Engaged Customers,Industry Internship Program
CUST_0073,28,17,4,8,10,65,17289,3,4,106,22,25,20289,0,1.5580212262884345,0.7670007396365747,Training-Focused Customers,Data Analytics & Python Training
CUST_0074,34,8,9,0,6,92,15067,10,7,58,15,24,25067,1,0.047325512732128365,1.219326931061399,Highly Engaged Customers,IT & Digital Services
CUST_0075,25,2,8,7,5,67,15368,6,0,39,20,10,21368,1,-0.4841669307266784,1.1972242734302694,Highly Engaged Customers,Data Analytics & Python Training
CUST_0076,50,28,2,1,5,13,24870,7,7,80,8,37,31870,0,0.13476970100038368,1.794530304209949,Training-Focused Customers,Beginner Training & Orientation
CUST_0077,22,8,3,7,4,13,10265,1,2,97,14,13,11265,1,-1.0929437657055114,-0.9449538852544078,Highly Engaged Customers,Data Analytics & Python Training
CUST_0078,45,7,8,2,5,29,20624,6,6,113,15,21,26624,1,-0.25141805013433216,1.668589834472447,Highly Engaged Customers,IT & Digital Services
CUST_0079,24,26,9,5,8,19,12966,1,6,61,22,41,13966,0,3.0151424474880417,-0.7723976880711481,Training-Focused Customers,Industry Internship Program
CUST_0080,26,26,10,2,9,33,18730,1,1,137,21,37,19730,0,2.3194138909605617,0.555238182140388,Training-Focused Customers,Industry Internship Program
CUST_0081,25,2,5,6,8,35,18362,7,1,6,19,8,25362,1,-0.8058702294117397,1.812016136625251,Highly Engaged Customers,Industry Internship Program
CUST_0082,29,22,1,9,9,46,11087,1,7,109,19,30,12087,0,1.6528420029109971,-1.0435080188710177,Training-Focused Customers,Data Analytics & Python Training
CUST_0083,50,22,6,8,7,94,1271,10,2,35,21,30,11271,0,1.7472134972535787,-1.1175797812671886,Training-Focused Customers,Data Analytics & Python Training
CUST_0084,40,3,1,1,9,63,22409,8,1,39,11,5,30409,1,-2.466317544171723,2.4497806950842955,Highly Engaged Customers,Industry Internship Program
CUST_0085,41,27,10,4,8,30,16800,0,6,150,22,43,16800,0,3.200249917519819,-0.14860807076451288,Training-Focused Customers,Industry Internship Program
CUST_0086,39,18,1,5,9,83,9270,8,5,169,15,24,17270,0,0.2596896843932412,-0.05985484437595083,Training-Focused Customers,Industry Internship Program
CUST_0087,44,12,10,3,7,47,11593,0,0,118,20,22,11593,1,0.7040728994952993,-0.6271147372177391,Highly Engaged Customers,Industry Internship Program
CUST_0088,18,1,0,3,7,55,14303,9,0,5,10,1,23303,1,-3.030453251578008,1.1496225880137083,Highly Engaged Customers,Industry Internship Program
CUST_0089,31,22,10,3,0,13,693,9,2,170,13,34,9693,0,0.5224672729475138,-1.6193050136901892,Training-Focused Customers,IT & Digital Services
CUST_0090,20,12,10,1,9,69,2507,1,7,87,20,29,3507,0,1.559773121294524,-2.42207306459368,Training-Focused Customers,Industry Internship Program
CUST_0091,18,5,10,3,10,66,18069,5,1,76,23,16,23069,1,0.6356972254030039,1.6000790806023981,Highly Engaged Customers,Industry Internship Program
CUST_0092,22,30,2,10,4,54,19278,5,5,158,16,37,24278,0,1.6396552901289474,0.9359027247174416,Training-Focused Customers,Data Analytics & Python Training
CUST_0093,43,30,5,0,3,29,11690,0,0,57,8,35,11690,0,-0.15349501848634267,-1.5962622866769698,Training-Focused Customers,Beginner Training & Orientation
CUST_0094,31,27,7,5,1,26,10484,6,0,127,13,34,16484,0,0.5606008357200838,-0.4296128732623154,Training-Focused Customers,IT & Digital Services
CUST_0095,44,25,8,0,7,80,9802,7,3,29,15,36,16802,0,1.1885758923027252,-0.48502726260889967,Training-Focused Customers,Industry Internship Program
CUST_0096,26,17,6,9,2,13,20889,1,7,165,17,30,21889,0,1.096926625721907,0.7420561821669653,Training-Focused Customers,Data Analytics & Python Training
CUST_0097,32,16,3,5,3,23,7929,7,3,87,11,22,14929,1,-0.809305356300286,-0.699999842052338,Highly Engaged Customers,Beginner Training & Orientation
CUST_0098,32,15,5,0,6,12,2761,8,6,141,11,26,10761,0,-0.3973828433135543,-1.4821252106314733,Training-Focused Customers,Beginner Training & Orientation
CUST_0099,43,23,4,5,9,97,20620,5,0,160,18,27,25620,0,0.926275235187955,1.662804992899494,Training-Focused Customers,Industry Internship Program
CUST_0100,30,15,7,9,8,89,7216,4,2,46,24,24,11216,0,1.7405492804507352,-0.7832060468554053,Training-Focused Customers,Data Analytics & Python Training
CUST_0101,49,5,0,7,1,67,21759,8,4,116,8,9,29759,1,-2.5497149676256554,2.103197481154269,Highly Engaged Customers,Data Analytics & Python Training
CUST_0102,49,21,0,10,2,64,9421,10,4,112,12,25,19421,0,-0.25045942695818,0.03376978578143678,Training-Focused Customers,Data Analytics & Python Training
CUST_0103,21,14,10,1,3,13,4878,8,5,151,14,29,12878,0,0.28729841302919956,-0.9541698767301195,Training-Focused Customers,IT & Digital Services
CUST_0104,47,2,5,1,9,33,8315,0,0,45,15,7,8315,1,-1.5425082131807177,-1.2619236307824975,Highly Engaged Customers,Industry Internship Program
CUST_0105,40,11,9,3,0,43,14278,10,0,145,12,20,24278,1,-1.0687705702172579,1.2668819520193175,Highly Engaged Customers,IT & Digital Services
CUST_0106,32,19,1,10,6,39,20335,2,6,104,17,26,22335,0,0.8239173292697122,0.7922824991873665,Training-Focused Customers,Data Analytics & Python Training
CUST_0107,46,7,4,2,1,91,24500,8,0,85,7,11,32500,1,-2.7186706260488975,2.6098844046724965,Highly Engaged Customers,Premium Digital Solutions
CUST_0108,30,6,0,3,4,28,13228,10,2,134,7,8,23228,1,-2.8812884066290496,0.9726540054628551,Highly Engaged Customers,Beginner Training & Orientation
CUST_0109,49,28,6,6,0,40,10832,1,3,108,12,37,11832,0,0.8108099178583276,-1.4458976337234337,Training-Focused Customers,Beginner Training & Orientation
CUST_0110,24,2,0,10,2,69,10336,3,0,18,12,2,13336,1,-2.488739065929921,-0.5486421565606441,Highly Engaged Customers,Data Analytics & Python Training
CUST_0111,39,6,3,0,1,69,3300,3,0,94,4,9,6300,1,-3.3267281258120422,-2.1556185113241435,Highly Engaged Customers,Beginner Training & Orientation
CUST_0112,45,18,8,5,0,28,8833,1,6,150,13,32,9833,0,0.528597156488357,-1.6245955444708766,Training-Focused Customers,IT & Digital Services
CUST_0113,19,2,0,2,6,58,5910,2,7,33,8,9,7910,1,-2.373831168244155,-1.9391473061416364,Highly Engaged Customers,Beginner Training & Orientation
CUST_0114,23,18,3,10,4,72,18339,2,1,158,17,22,20339,0,0.31618905298596794,0.72868667822584,Training-Focused Customers,Data Analytics & Python Training
CUST_0115,45,30,5,9,0,92,23776,0,7,126,14,42,23776,0,1.773194261475621,0.6246551203758037,Training-Focused Customers,Data Analytics & Python Training
CUST_0116,45,15,5,6,5,31,6308,5,6,160,16,26,11308,0,0.5552308615217456,-1.1257490681881412,Training-Focused Customers,Beginner Training & Orientation
CUST_0117,37,27,7,9,4,33,7296,7,7,170,20,41,14296,0,2.684897210531827,-0.7553138397359561,Training-Focused Customers,Data Analytics & Python Training
CUST_0118,47,19,0,1,2,85,21680,2,6,122,3,25,23680,0,-1.8022416827087653,0.4670119320198872,Training-Focused Customers,Premium Digital Solutions
CUST_0119,28,2,6,1,6,39,21977,4,2,138,13,10,25977,1,-1.6846434117057554,1.8305864778999914,Highly Engaged Customers,Beginner Training & Orientation
CUST_0120,45,20,0,3,10,67,10788,0,5,115,13,25,10788,0,0.07986587396630773,-1.3612967343638136,Training-Focused Customers,Industry Internship Program
CUST_0121,42,25,6,0,9,40,18209,9,0,164,15,31,27209,0,0.6382496723162459,1.726754847286001,Training-Focused Customers,Industry Internship Program
CUST_0122,50,6,2,2,8,73,21860,6,6,162,12,14,27860,1,-1.2916012349979316,1.9372934323387387,Highly Engaged Customers,Industry Internship Program
CUST_0123,18,1,10,8,8,28,18043,9,6,28,26,17,27043,1,1.3070143301057295,2.1905359512226603,Highly Engaged Customers,Data Analytics & Python Training
CUST_0124,44,24,7,6,8,57,5150,0,1,11,21,32,5150,0,1.9650169632160859,-2.186119204695664,Training-Focused Customers,Industry Internship Program
CUST_0125,30,15,2,6,1,54,5487,10,6,167,9,23,15487,0,-0.9919478118113982,-0.6937350131983289,Training-Focused Customers,Beginner Training & Orientation
CUST_0126,20,28,0,10,2,64,15700,8,4,47,12,32,23700,0,0.41765074684845677,0.5664507872172447,Training-Focused Customers,Data Analytics & Python Training
CUST_0127,23,30,7,3,6,64,5197,7,5,127,16,42,12197,0,2.0321906259142413,-1.3262209943024037,Training-Focused Customers,IT & Digital Services
CUST_0128,25,23,2,1,4,27,17224,6,0,147,7,25,23224,0,-1.299930664904581,0.7131753318625096,Training-Focused Customers,Beginner Training & Orientation
CUST_0129,44,10,1,3,1,72,4328,9,0,118,5,11,13328,1,-2.9641461082660476,-0.9332319315030159,Highly Engaged Customers,Beginner Training & Orientation
CUST_0130,26,19,0,5,2,56,18852,6,1,143,7,20,24852,1,-1.7038143432177333,1.0544564932864466,Highly Engaged Customers,Beginner Training & Orientation
CUST_0131,50,17,2,10,9,84,17587,4,2,126,21,21,21587,0,0.9971645201460934,1.0796879139790345,Training-Focused Customers,Data Analytics & Python Training
CUST_0132,41,5,1,10,5,66,13105,4,0,156,16,6,17105,1,-1.389463779576664,0.44076050864558675,Highly Engaged Customers,Data Analytics & Python Training
CUST_0133,32,29,1,2,6,54,5982,10,4,152,9,34,15982,0,0.06169871954575949,-0.8126446911166879,Training-Focused Customers,Beginner Training & Orientation
CUST_0134,49,4,5,0,8,42,23260,4,0,72,13,9,27260,1,-1.80365028601019,2.026129257121316,Highly Engaged Customers,Industry Internship Program
CUST_0135,49,10,0,7,0,26,18684,0,4,107,7,14,18684,1,-2.1848629880034354,-0.009767121321788823,Highly Engaged Customers,Data Analytics & Python Training
CUST_0136,41,24,1,4,10,79,5963,7,5,137,15,30,12963,0,0.8564785892168291,-1.0040112164127426,Training-Focused Customers,Industry Internship Program
CUST_0137,29,17,5,4,6,13,14360,10,5,175,15,27,24360,0,0.3580669596032986,1.1679649092413054,Training-Focused Customers,Beginner Training & Orientation
CUST_0138,19,10,2,10,7,29,5412,0,3,33,19,15,5412,1,0.10161518151382716,-1.9353774578746281,Highly Engaged Customers,Data Analytics & Python Training
CUST_0139,20,17,3,3,2,56,5148,3,3,19,8,23,8148,0,-1.2001726143479865,-2.139498415974607,Training-Focused Customers,Beginner Training & Orientation
CUST_0140,34,28,0,5,3,100,1355,8,4,74,8,32,9355,0,-0.2393227871642647,-2.1304340243986783,Training-Focused Customers,Beginner Training & Orientation
CUST_0141,19,20,7,2,9,24,3366,8,2,168,18,29,11366,0,1.0637109536978342,-0.9731918775903984,Training-Focused Customers,Industry Internship Program
CUST_0142,19,24,6,8,5,79,12334,4,0,175,19,30,16334,0,1.369124890034451,-0.006301048631498593,Training-Focused Customers,Data Analytics & Python Training
CUST_0143,45,5,6,4,9,56,16794,3,6,157,19,17,19794,1,0.2259979348611004,0.7875345391942313,Highly Engaged Customers,Industry Internship Program
CUST_0144,40,2,2,2,6,87,17066,2,0,178,10,4,19066,1,-2.6822506619507243,0.662839833733958,Highly Engaged Customers,Premium Digital Solutions
CUST_0145,49,6,9,10,3,84,3612,2,3,98,22,18,5612,1,0.7900725095157507,-1.6742492591103038,Highly Engaged Customers,Data Analytics & Python Training
CUST_0146,50,21,9,0,7,18,22554,4,7,141,16,37,26554,0,1.4890471376893915,1.4027467336899015,Training-Focused Customers,Industry Internship Program
CUST_0147,18,2,2,9,4,99,4992,9,6,129,15,10,13992,1,-1.0985375606159837,-0.44174067675073625,Highly Engaged Customers,Data Analytics & Python Training
CUST_0148,36,13,1,5,0,25,22707,0,4,162,6,18,22707,1,-2.014436862984273,0.680503047222509,Highly Engaged Customers,Beginner Training & Orientation
CUST_0149,19,30,0,1,3,78,15614,4,6,93,4,36,19614,0,-0.5639953209478348,-0.5239850147086564,Training-Focused Customers,Premium Digital Solutions
CUST_0150,43,11,6,2,2,70,2017,5,7,176,10,24,7017,0,-0.7092083639893547,-2.099236831671247,Training-Focused Customers,Beginner Training & Orientation
CUST_0151,49,11,6,0,8,19,16518,6,0,48,14,17,22518,1,-0.8899569601393884,0.992795647746023,Highly Engaged Customers,Industry Internship Program
CUST_0152,23,16,1,8,7,59,21886,8,0,177,16,17,29886,1,-0.39785514054999116,2.5086258017073435,Highly Engaged Customers,Data Analytics & Python Training
CUST_0153,49,11,6,7,0,12,18240,2,2,64,13,19,20240,1,-0.823731937430832,0.4548958652846826,Highly Engaged Customers,Data Analytics & Python Training
CUST_0154,21,19,7,1,10,86,20513,1,1,61,18,27,21513,0,0.8992464156812574,0.8343679078352035,Training-Focused Customers,Industry Internship Program
CUST_0155,28,15,0,10,5,79,20512,2,6,157,15,21,22512,0,0.02902128712470567,0.9183470269767893,Training-Focused Customers,Data Analytics & Python Training
CUST_0156,34,25,8,7,8,90,11931,8,3,39,23,36,19931,0,2.651539303972252,0.4280341831012734,Training-Focused Customers,Data Analytics & Python Training
CUST_0157,41,23,6,8,6,60,8710,6,7,128,20,36,14710,0,2.2507836220009247,-0.6196423552856922,Training-Focused Customers,Data Analytics & Python Training
CUST_0158,22,23,2,0,3,28,12095,8,7,88,5,32,20095,0,-0.8609967221062502,-0.3465185820653482,Training-Focused Customers,Beginner Training & Orientation
CUST_0159,23,16,7,4,0,51,13371,1,7,26,11,30,14371,0,-0.0021954072914988194,-1.0624740643404056,Training-Focused Customers,IT & Digital Services
CUST_0160,39,11,6,7,1,44,13243,4,3,17,14,20,17243,1,-0.5096266736265087,-0.15986479010526572,Highly Engaged Customers,Data Analytics & Python Training
CUST_0161,28,22,10,10,4,55,23016,3,1,71,24,33,26016,0,2.443041326705021,1.75778351872563,Training-Focused Customers,Data Analytics & Python Training
CUST_0162,33,16,7,1,10,35,9824,1,0,13,18,23,10824,0,0.48783592551990074,-1.0625706100112138,Training-Focused Customers,Industry Internship Program
CUST_0163,50,8,5,3,4,78,12031,8,2,69,12,15,20031,1,-1.358511928513754,0.44978157588242274,Highly Engaged Customers,Beginner Training & Orientation
CUST_0164,26,4,8,6,7,73,7088,8,2,26,21,14,15088,1,0.14036925013849585,-0.04406356179082256,Highly Engaged Customers,Industry Internship Program
CUST_0165,23,8,4,2,5,46,3811,5,3,49,11,15,8811,1,-1.4585391956137796,-1.6538003155477017,Highly Engaged Customers,Beginner Training & Orientation
CUST_0166,33,4,2,4,7,93,22932,10,2,7,13,8,32932,1,-1.8252239427417556,2.842720323196125,Highly Engaged Customers,Industry Internship Program
CUST_0167,46,24,2,7,1,58,23130,5,7,58,10,33,28130,0,0.1618091715906937,1.258281553573766,Training-Focused Customers,Data Analytics & Python Training
CUST_0168,20,25,0,9,2,30,1487,7,5,49,11,30,8487,0,0.09731299123030417,-2.187205980878,Training-Focused Customers,Data Analytics & Python Training
CUST_0169,37,3,7,2,5,83,3821,5,1,103,14,11,8821,1,-1.3766859742069324,-1.2640766366334015,Highly Engaged Customers,IT & Digital Services
CUST_0170,36,3,1,3,9,73,16312,0,0,53,13,4,16312,1,-2.0999201601289115,0.12358538481665823,Highly Engaged Customers,Industry Internship Program
CUST_0171,43,27,2,8,2,14,5115,3,5,62,12,34,8115,0,0.6400710213250256,-2.224483923250482,Training-Focused Customers,Data Analytics & Python Training
CUST_0172,20,29,7,6,5,79,16012,6,1,17,18,37,22012,0,1.8028855250275835,0.5593229800521613,Training-Focused Customers,IT & Digital Services
CUST_0173,36,18,7,0,5,99,13646,1,4,171,12,29,14646,0,0.08506435459813273,-0.6264205768482596,Training-Focused Customers,IT & Digital Services
CUST_0174,37,29,10,3,1,13,14154,8,6,25,14,45,22154,0,1.800444658874977,0.1355663121106502,Training-Focused Customers,IT & Digital Services
CUST_0175,49,26,3,3,6,48,20625,7,3,131,12,32,27625,0,0.32687163914785894,1.4959339430963239,Training-Focused Customers,Beginner Training & Orientation
CUST_0176,24,19,3,8,1,44,3552,7,7,29,12,29,10552,0,0.14952920884395368,-1.7827464382201703,Training-Focused Customers,Data Analytics & Python Training
CUST_0177,50,19,4,5,5,10,23458,6,2,117,14,25,29458,0,-0.05498548005994062,2.0745725626640885,Training-Focused Customers,Beginner Training & Orientation
CUST_0178,35,21,5,8,0,33,1226,3,4,160,13,30,4226,0,0.3766270696661297,-2.5923298796507352,Training-Focused Customers,Data Analytics & Python Training
CUST_0179,18,5,4,5,2,66,4260,1,2,26,11,11,5260,1,-1.8199957216887988,-2.2022604640881873,Highly Engaged Customers,Beginner Training & Orientation
CUST_0180,28,18,6,5,1,79,22690,2,5,124,12,29,24690,0,0.06002566309718064,1.0382841917336219,Training-Focused Customers,Premium Digital Solutions
CUST_0181,45,28,1,4,6,50,2375,5,0,144,11,29,7375,0,-0.0732022555473205,-2.0577752608613293,Training-Focused Customers,Beginner Training & Orientation
CUST_0182,42,10,6,4,3,63,23877,4,0,25,13,16,27877,1,-1.1585512507569438,1.8948858177062917,Highly Engaged Customers,Beginner Training & Orientation
CUST_0183,40,29,9,1,7,55,14469,7,0,54,17,38,21469,0,1.6332492009537176,0.5037537820173047,Training-Focused Customers,Industry Internship Program
CUST_0184,48,22,6,7,5,69,4533,5,7,156,18,35,9533,0,1.8187213177743349,-1.5683972063807228,Training-Focused Customers,Data Analytics & Python Training
CUST_0185,47,21,0,7,9,69,5943,5,2,73,16,23,10943,0,0.33180751737408737,-1.2105734199414924,Training-Focused Customers,Data Analytics & Python Training
CUST_0186,24,6,6,10,3,66,17873,0,4,120,19,16,17873,1,0.10469933899508797,0.4350504467611213,Highly Engaged Customers,Data Analytics & Python Training
CUST_0187,33,1,4,0,4,40,4244,3,0,56,8,5,7244,1,-3.0225366981386217,-1.7566912814106095,Highly Engaged Customers,Beginner Training & Orientation
CUST_0188,43,5,2,7,8,93,17477,4,4,65,17,11,21477,1,-0.6657539035755109,0.9790435959267015,Highly Engaged Customers,Data Analytics & Python Training
CUST_0189,19,9,2,4,6,33,2274,10,2,93,12,13,12274,1,-1.4890973426830378,-0.9216935326098395,Highly Engaged Customers,Beginner Training & Orientation
CUST_0190,18,12,3,1,9,98,11151,2,7,86,13,22,13151,0,-0.2504772672198831,-0.9262924565292134,Training-Focused Customers,Industry Internship Program
CUST_0191,29,26,1,1,8,45,1435,8,5,80,10,32,9435,0,0.0997551061090098,-2.006329367267023,Training-Focused Customers,Industry Internship Program
CUST_0192,22,14,1,5,6,94,13895,0,7,169,12,22,13895,0,-0.3718842564466283,-0.7439733748210912,Training-Focused Customers,Beginner Training & Orientation
CUST_0193,49,2,0,10,0,39,4308,5,4,108,10,6,9308,1,-2.4028116612674655,-1.430454718320078,Highly Engaged Customers,Data Analytics & Python Training
CUST_0194,26,17,4,8,7,33,17215,5,7,179,19,28,22215,0,1.317036080897132,0.9265046690756187,Training-Focused Customers,Data Analytics & Python Training
CUST_0195,36,14,3,0,3,39,12141,9,7,118,6,24,21141,0,-1.4738412382707093,0.11641531245198293,Training-Focused Customers,Beginner Training & Orientation
CUST_0196,33,26,10,5,2,95,24806,4,5,157,17,41,28806,0,2.0273732893494816,1.8214160734136788,Training-Focused Customers,IT & Digital Services
CUST_0197,20,13,9,8,6,16,19586,4,2,83,23,24,23586,1,1.41646402963659,1.4606024482385453,Highly Engaged Customers,Data Analytics & Python Training
CUST_0198,37,27,1,7,2,44,14876,9,2,147,10,30,23876,0,-0.2179481481867201,0.7535544239846091,Training-Focused Customers,Data Analytics & Python Training
CUST_0199,41,9,2,10,7,64,6389,4,3,169,19,14,10389,1,-0.000796576848640397,-0.8378964624135822,Highly Engaged Customers,Data Analytics & Python Training
CUST_0200,50,26,6,5,5,23,5554,5,7,173,16,39,10554,0,1.8048592551754705,-1.5407723367103092,Training-Focused Customers,Beginner Training & Orientation
CUST_0201,41,25,6,2,4,19,4368,7,2,15,12,33,11368,0,0.34421893005628373,-1.583370141597262,Training-Focused Customers,Beginner Training & Orientation
CUST_0202,28,15,3,7,3,89,21084,1,2,131,13,20,22084,1,-0.5841789153958661,0.8642526059568251,Highly Engaged Customers,Data Analytics & Python Training
CUST_0203,25,25,4,8,7,25,17085,5,1,139,19,30,22085,0,1.3760874719093223,0.9210767948338585,Training-Focused Customers,Data Analytics & Python Training
CUST_0204,37,22,4,0,7,63,19381,0,0,174,11,26,19381,0,-0.4244856351726146,0.3101325714403051,Training-Focused Customers,Industry Internship Program
CUST_0205,42,15,5,8,0,98,2342,3,3,30,13,23,5342,0,-0.2960551022672495,-2.396225600154872,Training-Focused Customers,Data Analytics & Python Training
CUST_0206,42,24,8,5,8,86,10558,9,6,57,21,38,19558,0,2.532259548469621,0.18874469004401903,Training-Focused Customers,Industry Internship Program
CUST_0207,46,30,1,5,4,79,9601,2,3,146,10,34,11601,0,0.31095245879849975,-1.4933339754708377,Training-Focused Customers,Beginner Training & Orientation
CUST_0208,35,11,4,3,3,53,12997,8,3,179,10,18,20997,1,-1.3998470971690806,0.5911479153088105,Highly Engaged Customers,Beginner Training & Orientation
CUST_0209,35,16,2,0,5,82,5158,2,6,128,7,24,7158,0,-1.1513662721534612,-2.262080570898724,Training-Focused Customers,Beginner Training & Orientation
CUST_0210,19,29,3,9,5,54,11881,5,1,48,17,33,16881,0,1.3433684004011068,-0.32594338517807875,Training-Focused Customers,Data Analytics & Python Training
CUST_0211,33,17,9,7,1,65,8044,0,7,136,17,33,8044,0,1.3955439930702918,-1.8076444680700539,Training-Focused Customers,Data Analytics & Python Training
CUST_0212,50,26,5,1,7,93,8218,5,5,22,13,36,13218,0,0.9711760963439666,-1.291372666684937,Training-Focused Customers,Industry Internship Program
CUST_0213,21,4,7,0,6,91,14351,3,2,6,13,13,17351,1,-1.3648726229647554,0.044270847019457514,Highly Engaged Customers,IT & Digital Services
CUST_0214,50,1,0,1,0,66,17654,7,0,104,1,1,24654,1,-4.6712613029724395,1.1365414348884681,Highly Engaged Customers,Beginner Training & Orientation
CUST_0215,31,8,9,0,4,30,20039,10,4,36,13,21,30039,1,-0.7380483713001785,2.102487982116063,Highly Engaged Customers,IT & Digital Services
CUST_0216,38,17,7,0,5,77,12277,8,7,79,12,31,20277,0,0.24209090625126967,0.08314557478247858,Training-Focused Customers,IT & Digital Services
CUST_0217,37,3,10,8,3,59,2128,3,6,116,21,19,5128,1,0.7196209227144901,-1.8588306323234918,Highly Engaged Customers,Data Analytics & Python Training
CUST_0218,25,29,6,0,1,42,886,9,5,57,7,40,9886,0,0.16635216127721975,-2.2467123954598676,Training-Focused Customers,Beginner Training & Orientation
CUST_0219,24,20,0,3,3,100,6531,9,7,49,6,27,15531,0,-1.0590210839268692,-1.0969151214521642,Training-Focused Customers,Beginner Training & Orientation
CUST_0220,20,15,1,9,0,16,6939,5,6,173,10,22,11939,0,-0.8578413326828054,-1.2485230533530434,Training-Focused Customers,Data Analytics & Python Training
CUST_0221,34,15,2,5,6,79,23285,0,2,82,13,19,23285,1,-0.6582820685200421,1.0413588672154959,Highly Engaged Customers,Premium Digital Solutions
CUST_0222,50,24,0,6,1,24,13892,3,1,66,7,25,16892,0,-1.2057083118798309,-0.5957275982362308,Training-Focused Customers,Beginner Training & Orientation
CUST_0223,29,22,8,1,1,91,20892,6,7,77,10,37,26892,0,0.4213151555173384,1.0601795336422586,Training-Focused Customers,IT & Digital Services
CUST_0224,39,14,7,5,8,41,19350,0,6,45,20,27,19350,0,1.3477134774827413,0.38648768841046005,Training-Focused Customers,Industry Internship Program
CUST_0225,39,26,1,6,4,84,2782,7,2,79,11,29,9782,0,-0.0451004016561753,-1.7859909347894045,Training-Focused Customers,Beginner Training & Orientation
CUST_0226,47,28,8,9,1,29,2356,9,2,20,18,38,11356,0,1.8655983741408793,-1.4448533532327636,Training-Focused Customers,Data Analytics & Python Training
CUST_0227,25,23,6,9,10,97,16170,10,1,123,25,30,26170,0,2.4322445230811414,1.9066628104205752,Training-Focused Customers,Data Analytics & Python Training
CUST_0228,44,14,8,1,8,24,24864,5,3,67,17,25,29864,1,0.4350213835238057,2.2666667425666724,Highly Engaged Customers,Industry Internship Program
CUST_0229,44,24,5,1,8,57,2498,4,7,83,14,36,6498,0,1.2122258167685058,-2.4023464101666567,Training-Focused Customers,Industry Internship Program
CUST_0230,38,2,5,9,0,80,5976,9,7,3,14,14,14976,1,-0.9913255648344382,-0.5921301085520617,Highly Engaged Customers,Data Analytics & Python Training
CUST_0231,47,13,10,6,10,30,9928,10,3,64,26,26,19928,0,2.1408871553191022,0.829329768293863,Training-Focused Customers,Industry Internship Program
CUST_0232,50,26,3,0,2,51,5169,8,0,40,5,29,13169,0,-1.2895821762766573,-1.441768038042072,Training-Focused Customers,Beginner Training & Orientation
CUST_0233,45,14,9,7,3,35,12836,1,0,59,19,23,13836,1,0.6011474903720317,-0.42754617270215567,Highly Engaged Customers,Data Analytics & Python Training
CUST_0234,50,27,9,10,6,23,9842,4,3,62,25,39,13842,0,3.287431382983863,-0.5979358459411572,Training-Focused Customers,Data Analytics & Python Training
CUST_0235,22,24,1,2,9,66,21202,5,5,132,12,30,26202,0,0.26378492239601414,1.2549601910092008,Training-Focused Customers,Industry Internship Program
CUST_0236,36,19,6,10,3,46,7564,6,4,60,19,29,13564,0,1.3078202973749096,-0.7738468088624241,Training-Focused Customers,Data Analytics & Python Training
CUST_0237,21,7,4,5,1,67,7946,4,2,116,10,13,11946,1,-1.8460743591802398,-0.9800070535035599,Highly Engaged Customers,Beginner Training & Orientation
CUST_0238,34,3,10,8,6,30,18315,8,4,75,24,17,26315,1,0.9104885251096643,2.0826084227115365,Highly Engaged Customers,Data Analytics & Python Training
CUST_0239,45,15,5,5,5,91,6124,0,2,122,15,22,6124,0,-0.00667444338019502,-1.934506263096402,Training-Focused Customers,Beginner Training & Orientation
CUST_0240,47,23,1,8,2,78,7961,6,3,107,11,27,13961,0,-0.22934198722941065,-0.973866814870827,Training-Focused Customers,Data Analytics & Python Training
CUST_0241,46,14,4,6,5,12,2319,9,0,96,15,18,11319,1,-0.5511416059158152,-1.008205412619187,Highly Engaged Customers,Beginner Training & Orientation
CUST_0242,23,11,9,8,10,96,11016,6,5,91,27,25,17016,0,2.381970699617488,0.3978282665191817,Training-Focused Customers,Data Analytics & Python Training
CUST_0243,41,15,3,1,5,99,14249,3,0,158,9,18,17249,1,-1.5376144772881508,-0.047452189495971964,Highly Engaged Customers,Beginner Training & Orientation
CUST_0244,46,28,8,7,4,46,18014,8,4,130,19,40,26014,0,2.2747761307677514,1.347560916669344,Training-Focused Customers,Data Analytics & Python Training
CUST_0245,48,13,5,7,3,97,23447,10,0,62,15,18,33447,1,-0.6093330037035704,2.936352770967224,Highly Engaged Customers,Data Analytics & Python Training
CUST_0246,50,18,1,1,9,58,3158,4,3,49,11,22,7158,0,-0.6780551494843191,-2.114761242537675,Training-Focused Customers,Industry Internship Program
CUST_0247,38,26,0,3,0,28,4000,3,5,137,3,31,7000,0,-1.2366881168143435,-2.6613304415374843,Training-Focused Customers,Beginner Training & Orientation
CUST_0248,49,6,4,10,9,98,2620,6,4,92,23,14,8620,1,0.7147664613132927,-1.0924778422423953,Highly Engaged Customers,Data Analytics & Python Training
CUST_0249,40,3,8,6,5,94,4520,3,5,159,19,16,7520,1,0.11694389744214279,-1.3680510487366666,Highly Engaged Customers,IT & Digital Services
CUST_0250,50,19,5,10,1,21,10713,2,7,124,16,31,12713,0,1.0553661666802712,-1.0643006734589198,Training-Focused Customers,Data Analytics & Python Training
CUST_0251,20,15,9,3,2,70,3759,8,2,61,14,26,11759,0,-0.01118947485223085,-1.1718131832309335,Training-Focused Customers,IT & Digital Services
CUST_0252,35,25,6,3,7,50,10581,10,0,48,16,31,20581,0,0.8240167380153988,0.38106438640462637,Training-Focused Customers,Industry Internship Program
CUST_0253,42,23,4,5,9,42,2323,7,5,153,18,32,9323,0,1.5138642223199443,-1.5253951430969803,Training-Focused Customers,Industry Internship Program
CUST_0254,48,5,9,9,5,59,18358,0,1,164,23,15,18358,1,0.6115501091200514,0.8957547798863342,Highly Engaged Customers,Data Analytics & Python Training
CUST_0255,20,28,5,5,2,77,19126,6,7,136,12,40,25126,0,1.1588677751536907,0.8069706135872466,Training-Focused Customers,Premium Digital Solutions
CUST_0256,41,10,4,9,6,80,13967,8,0,58,19,14,21967,1,-0.1866891033657382,1.1371694674026671,Highly Engaged Customers,Data Analytics & Python Training
CUST_0257,49,7,10,2,3,95,20127,7,2,101,15,19,27127,1,-0.5474168130390136,1.889121298823971,Highly Engaged Customers,IT & Digital Services
CUST_0258,39,25,8,8,8,42,7490,7,5,112,24,38,14490,0,3.0723509849256,-0.48840359438070446,Training-Focused Customers,Data Analytics & Python Training
CUST_0259,40,17,5,9,4,90,22044,5,4,173,18,26,27044,0,0.8677955196876196,1.8577758578589894,Training-Focused Customers,Data Analytics & Python Training
CUST_0260,19,7,10,10,2,33,3634,10,2,62,22,19,13634,1,0.7128344781449435,-0.3505360020399448,Highly Engaged Customers,Data Analytics & Python Training
CUST_0261,44,22,7,1,1,70,18954,3,1,39,9,30,21954,0,-0.5173821543141756,0.35826083739384856,Training-Focused Customers,IT & Digital Services
CUST_0262,19,26,1,5,10,70,17243,7,5,58,16,32,24243,0,1.1793960735483549,0.904841258701929,Training-Focused Customers,Industry Internship Program
CUST_0263,43,30,8,6,1,37,15934,2,6,99,15,44,17934,0,2.0218764434344854,-0.4264042804650796,Training-Focused Customers,IT & Digital Services
CUST_0264,34,12,4,8,2,67,15507,8,6,44,14,22,23507,1,-0.23498746867138112,0.8521204310136071,Highly Engaged Customers,Data Analytics & Python Training
CUST_0265,50,25,6,2,1,52,10733,1,3,29,9,34,11733,0,-0.02938602251484685,-1.631004772424873,Training-Focused Customers,Beginner Training & Orientation
CUST_0266,26,17,9,9,3,50,16878,1,0,59,21,26,17878,0,1.2549242569362735,0.31971458326776014,Training-Focused Customers,Data Analytics & Python Training
CUST_0267,46,13,0,2,1,48,1641,6,4,71,3,17,7641,1,-2.625857742977964,-2.3239498790188797,Highly Engaged Customers,Beginner Training & Orientation
CUST_0268,43,20,9,6,9,95,18519,9,3,92,24,32,27519,0,2.4041231997221173,2.019990802914783,Training-Focused Customers,Industry Internship Program
CUST_0269,42,25,4,3,8,58,20884,3,5,9,15,34,23884,0,1.1267744086104097,0.7401880895450077,Training-Focused Customers,Industry Internship Program
CUST_0270,41,4,9,7,1,26,10635,9,6,127,17,19,19635,1,-0.1104885922124788,0.5217531332512803,Highly Engaged Customers,Data Analytics & Python Training
CUST_0271,30,10,1,6,8,79,13466,7,6,134,15,17,20466,1,-0.40810451850154006,0.5998982036216978,Highly Engaged Customers,Industry Internship Program
CUST_0272,24,3,5,4,5,79,3861,8,6,157,14,14,11861,1,-0.9630887988087302,-0.8601642262357984,Highly Engaged Customers,Beginner Training & Orientation
CUST_0273,37,9,10,6,0,74,23467,6,5,145,16,24,29467,1,0.16482369812090553,2.2278795097596227,Highly Engaged Customers,IT & Digital Services
CUST_0274,18,13,0,2,3,83,8335,4,6,144,5,19,12335,1,-1.98685658416813,-1.3355465864776734,Highly Engaged Customers,Beginner Training & Orientation
CUST_0275,25,18,2,1,0,94,11672,7,2,131,3,22,18672,1,-2.2421475413867973,-0.2941840140511168,Highly Engaged Customers,Beginner Training & Orientation
CUST_0276,33,15,4,5,5,14,16890,3,7,21,14,26,19890,0,0.19003283103506002,0.10593685644114913,Training-Focused Customers,Beginner Training & Orientation
CUST_0277,31,4,3,1,3,11,3767,1,5,64,7,12,4767,1,-2.4003514068344556,-2.503839461059415,Highly Engaged Customers,Beginner Training & Orientation
CUST_0278,29,15,2,2,2,31,7064,10,4,90,6,21,17064,1,-1.80594440360269,-0.5615936698816244,Highly Engaged Customers,Beginner Training & Orientation
CUST_0279,40,22,9,5,2,66,21812,5,7,36,16,38,26812,0,1.584213162646086,1.2368268883369764,Training-Focused Customers,IT & Digital Services
CUST_0280,32,2,4,4,8,75,19490,8,3,62,16,9,27490,1,-1.1753672832626543,2.0753691964280834,Highly Engaged Customers,Industry Internship Program
CUST_0281,45,15,10,7,5,83,11911,0,4,170,22,29,11911,0,1.8550384748122974,-0.6547031089933504,Training-Focused Customers,Data Analytics & Python Training
CUST_0282,19,8,7,8,8,25,6406,10,7,76,23,22,16406,1,1.3650718598165812,0.036099467186928476,Highly Engaged Customers,Data Analytics & Python Training
CUST_0283,49,8,10,10,4,60,16528,9,1,170,24,19,25528,1,1.0641537467186126,2.084710523228924,Highly Engaged Customers,Data Analytics & Python Training
CUST_0284,40,17,3,2,1,48,20157,6,6,13,6,26,26157,0,-1.3078124308741732,0.8507294162311172,Training-Focused Customers,Beginner Training & Orientation
CUST_0285,39,12,0,9,7,95,8111,9,1,11,16,13,17111,1,-0.700011717531675,0.01172876611865673,Highly Engaged Customers,Data Analytics & Python Training
CUST_0286,42,19,10,2,4,85,17797,8,0,54,16,29,25797,0,0.5470029790930576,1.4352305720495242,Training-Focused Customers,IT & Digital Services
CUST_0287,39,10,6,2,1,97,2511,9,0,16,9,16,11511,1,-1.8594700076784032,-1.2806222247366834,Highly Engaged Customers,Beginner Training & Orientation
CUST_0288,39,9,7,5,3,49,18326,8,7,8,15,23,26326,1,-0.03171241775206412,1.3517978835296205,Highly Engaged Customers,IT & Digital Services
CUST_0289,23,5,2,0,8,47,22430,9,1,104,10,8,31430,1,-2.4011320940288616,2.6190137458130307,Highly Engaged Customers,Industry Internship Program
CUST_0290,32,6,5,6,3,69,11746,10,5,59,14,16,21746,1,-0.8629106451037132,0.7182081886036475,Highly Engaged Customers,Beginner Training & Orientation
CUST_0291,50,20,1,0,3,68,14290,2,4,57,4,25,16290,0,-1.67689828039822,-0.8603622710302399,Training-Focused Customers,Beginner Training & Orientation
CUST_0292,25,26,6,4,1,19,12238,10,1,40,11,33,22238,0,0.07663420585380584,0.34694922156902164,Training-Focused Customers,Beginner Training & Orientation
CUST_0293,22,2,7,9,5,73,15230,4,0,130,21,9,19230,1,-0.33443076751710893,1.0150257837045538,Highly Engaged Customers,Data Analytics & Python Training
CUST_0294,21,27,5,7,10,72,11620,7,1,94,22,33,18620,0,2.2223510467450107,0.3153900153611867,Training-Focused Customers,Data Analytics & Python Training
CUST_0295,23,24,5,3,1,58,18713,7,5,138,9,34,25713,0,-0.037543356418817724,0.9479239135843648,Training-Focused Customers,Beginner Training & Orientation
CUST_0296,49,27,4,4,6,73,9267,3,1,44,14,32,12267,0,0.7159849425437679,-1.224881957101055,Training-Focused Customers,Beginner Training & Orientation
CUST_0297,47,13,7,3,2,41,23352,10,4,139,12,24,33352,1,-0.578444342800512,2.7040674788803525,Highly Engaged Customers,IT & Digital Services
CUST_0298,33,6,0,3,2,16,14203,10,3,80,5,9,24203,1,-3.1547902294783414,0.9250207221010638,Highly Engaged Customers,Beginner Training & Orientation
CUST_0299,30,5,9,7,4,30,1429,0,5,81,20,19,1429,1,0.5531510807282253,-2.588057045426378,Highly Engaged Customers,Data Analytics & Python Training
CUST_0300,47,25,3,1,2,29,12451,0,0,2,6,28,12451,0,-1.1594485665463674,-1.5042880538358312,Training-Focused Customers,Beginner Training & Orientation
CUST_0301,36,1,3,0,1,35,20583,3,4,178,4,8,23583,1,-3.4109327011205584,1.01670527500342,Highly Engaged Customers,Beginner Training & Orientation
CUST_0302,34,21,2,2,9,77,16345,5,1,140,13,24,21345,0,-0.21411201351100018,0.6675773530532949,Training-Focused Customers,Industry Internship Program
CUST_0303,36,22,2,8,8,95,17938,7,1,115,18,25,24938,0,0.7809860843423537,1.4442501353523507,Training-Focused Customers,Data Analytics & Python Training
CUST_0304,45,21,3,3,1,24,16247,5,3,90,7,27,21247,0,-1.0719019410681672,0.16643760258483553,Training-Focused Customers,Beginner Training & Orientation
CUST_0305,43,6,10,9,10,94,6244,8,0,23,29,16,14244,1,1.737214154149889,0.18330798469781934,Highly Engaged Customers,Data Analytics & Python Training
CUST_0306,43,6,0,4,1,88,18784,8,0,146,5,6,26784,1,-3.4454236556781628,1.6410795547159223,Highly Engaged Customers,Premium Digital Solutions
CUST_0307,40,23,10,1,7,95,10149,1,2,62,18,35,11149,0,1.6518952373376303,-1.2057055895269333,Training-Focused Customers,Industry Internship Program
CUST_0308,26,16,10,3,8,23,7480,9,0,113,21,26,16480,0,1.1755531855805725,0.1282564202689098,Training-Focused Customers,Industry Internship Program
CUST_0309,29,4,1,1,6,36,7569,0,3,128,8,8,7569,1,-2.564299449446736,-1.7266556409219755,Highly Engaged Customers,Beginner Training & Orientation
CUST_0310,18,30,8,1,2,49,10091,1,6,62,11,44,11091,0,1.3229164514461509,-1.8643582038105233,Training-Focused Customers,IT & Digital Services
CUST_0311,18,11,9,3,8,67,20299,4,2,38,20,22,24299,1,0.7031297900645964,1.4645495005874931,Highly Engaged Customers,Industry Internship Program
CUST_0312,49,30,1,5,2,37,942,3,2,166,8,33,3942,0,-0.18633351682390079,-2.9129653259008013,Training-Focused Customers,Beginner Training & Orientation
CUST_0313,42,30,4,6,4,35,23102,3,1,61,14,35,26102,0,0.9307893806474505,1.2048764179591116,Training-Focused Customers,Beginner Training & Orientation
CUST_0314,18,30,8,9,8,72,5152,8,1,129,25,39,13152,0,3.2894415881145593,-0.6040693143222143,Training-Focused Customers,Data Analytics & Python Training
CUST_0315,33,24,8,2,2,75,24823,10,0,173,12,32,34823,0,0.1087994527766351,2.9448155220833634,Training-Focused Customers,IT & Digital Services
CUST_0316,22,23,7,2,6,34,24717,7,2,156,15,32,31717,0,0.7390220190114375,2.472156367954196,Training-Focused Customers,IT & Digital Services
CUST_0317,39,9,0,9,0,12,9870,5,7,149,9,16,14870,1,-1.591083675367246,-0.6999494161000465,Highly Engaged Customers,Data Analytics & Python Training
CUST_0318,46,23,0,5,3,81,8097,0,1,122,8,24,8097,0,-1.0159365725029164,-1.983682537409662,Training-Focused Customers,Beginner Training & Orientation
CUST_0319,20,3,8,2,3,53,14825,1,3,110,13,14,15825,1,-1.2719177625155622,-0.1149037404588457,Highly Engaged Customers,IT & Digital Services
CUST_0320,29,19,10,1,6,51,4958,5,7,13,17,36,9958,0,1.603516147268115,-1.7084069140190883,Training-Focused Customers,IT & Digital Services
CUST_0321,43,8,7,7,7,15,7091,10,1,155,21,16,17091,1,0.292856562169066,0.4443096522459328,Highly Engaged Customers,Data Analytics & Python Training
CUST_0322,33,5,9,4,0,48,16846,1,5,100,13,19,17846,1,-0.7912954700668619,0.07415982890662515,Highly Engaged Customers,IT & Digital Services
CUST_0323,39,4,8,0,4,61,12326,9,5,135,12,17,21326,1,-1.1924153424478963,0.7076705616855086,Highly Engaged Customers,IT & Digital Services
CUST_0324,46,24,6,2,6,32,19193,4,1,22,14,31,23193,0,0.4954864087773337,0.7461861520714794,Training-Focused Customers,Beginner Training & Orientation
CUST_0325,31,6,2,9,3,98,14638,4,2,74,14,10,18638,1,-1.3530924134672302,0.38684227122194126,Highly Engaged Customers,Data Analytics & Python Training
CUST_0326,45,2,2,7,3,59,23152,5,6,132,12,10,28152,1,-1.6965137584168997,2.0059338999096723,Highly Engaged Customers,Data Analytics & Python Training
CUST_0327,22,20,1,3,3,52,17794,5,6,23,7,27,22794,0,-0.9505536362941901,0.27229020783611324,Training-Focused Customers,Beginner Training & Orientation
CUST_0328,47,28,4,6,5,28,21224,5,2,119,15,34,26224,0,1.0283480548421293,1.3466260623530768,Training-Focused Customers,Beginner Training & Orientation
CUST_0329,22,11,2,9,6,78,20893,1,4,70,17,17,21893,1,-0.07977909275380579,0.9346723229576388,Highly Engaged Customers,Data Analytics & Python Training
CUST_0330,29,4,5,1,1,60,23512,9,6,84,7,15,32512,1,-2.2618662991190157,2.3974729815615143,Highly Engaged Customers,Beginner Training & Orientation
CUST_0331,33,15,1,6,4,20,2669,2,5,101,11,21,4669,0,-0.7410292314241045,-2.5294140050687406,Training-Focused Customers,Beginner Training & Orientation
CUST_0332,43,6,2,4,3,21,19056,5,3,84,9,11,24056,1,-2.231418491340586,1.1034784203000716,Highly Engaged Customers,Beginner Training & Orientation
CUST_0333,43,22,4,4,2,83,22552,7,2,161,10,28,29552,0,-0.4608855363079163,1.9090481635866388,Training-Focused Customers,Premium Digital Solutions
CUST_0334,38,17,10,5,6,17,6813,10,0,28,21,27,16813,0,1.2437897124670165,0.015821525728315355,Training-Focused Customers,IT & Digital Services
CUST_0335,50,30,10,8,10,33,8815,0,5,136,28,45,8815,0,4.507435732773478,-1.3676837512417008,Training-Focused Customers,Data Analytics & Python Training
CUST_0336,47,24,0,5,5,50,8536,0,3,1,10,27,8536,0,-0.35030995450374275,-2.1034142822825674,Training-Focused Customers,Beginner Training & Orientation
CUST_0337,40,6,0,7,6,45,23673,10,3,165,13,9,33673,1,-1.6760115883942146,3.1246710235135224,Highly Engaged Customers,Data Analytics & Python Training
CUST_0338,27,19,9,6,4,94,1285,1,2,63,19,30,2285,0,1.3996902528926918,-2.6824564829423574,Training-Focused Customers,IT & Digital Services
CUST_0339,22,30,8,8,5,81,6639,10,3,22,21,41,16639,0,2.747078806369415,-0.4238443449450193,Training-Focused Customers,Data Analytics & Python Training
CUST_0340,48,25,6,3,4,64,6844,5,2,70,13,33,11844,0,0.5788226281531856,-1.3489411178622652,Training-Focused Customers,Beginner Training & Orientation
CUST_0341,27,2,0,1,6,18,19300,8,6,125,7,8,27300,1,-2.8003464828051463,1.6374921956563508,Highly Engaged Customers,Beginner Training & Orientation
CUST_0342,36,15,7,6,1,56,21038,3,1,149,14,23,24038,1,-0.27648396551786675,1.2611052812878871,Highly Engaged Customers,IT & Digital Services
CUST_0343,49,11,2,5,10,24,15473,2,5,96,17,18,17473,1,0.02123094623226739,0.14310843431945314,Highly Engaged Customers,Industry Internship Program
CUST_0344,18,8,7,0,4,57,6119,7,4,163,11,19,13119,1,-1.1357631699280681,-0.7940016237756776,Highly Engaged Customers,IT & Digital Services
CUST_0345,22,26,4,10,5,91,2436,10,1,79,19,31,12436,0,1.4995631475250197,-0.9702507340415647,Training-Focused Customers,Data Analytics & Python Training
CUST_0346,21,19,0,8,5,51,4307,9,5,5,13,24,13307,0,-0.12956392613114578,-1.1587139110348763,Training-Focused Customers,Data Analytics & Python Training
CUST_0347,33,13,6,8,4,69,7651,8,2,60,18,21,15651,1,0.3063830821219785,-0.22388019677012808,Highly Engaged Customers,Data Analytics & Python Training
CUST_0348,41,12,4,1,9,93,9993,10,5,120,14,21,19993,1,-0.3113002336663772,0.41249316533237834,Highly Engaged Customers,Industry Internship Program
CUST_0349,33,5,5,2,6,79,12855,4,6,46,13,16,16855,1,-0.9522179563954688,-0.17463397610775375,Highly Engaged Customers,Beginner Training & Orientation
CUST_0350,19,6,5,4,9,21,3736,8,2,178,18,13,11736,1,-0.43340378734501317,-0.5631353521481464,Highly Engaged Customers,Industry Internship Program
CUST_0351,45,26,7,4,7,11,16348,1,1,176,18,34,17348,0,1.5455983933091435,0.06500589353992284,Training-Focused Customers,Industry Internship Program
CUST_0352,49,22,8,0,6,16,2852,2,0,134,14,30,4852,0,0.40897029911232635,-2.3047603395711755,Training-Focused Customers,IT & Digital Services
CUST_0353,44,4,1,7,4,89,2432,6,0,56,12,5,8432,1,-2.2067385795513275,-1.4342518031727458,Highly Engaged Customers,Data Analytics & Python Training
CUST_0354,37,19,8,7,0,12,11413,6,7,110,15,34,17413,0,1.031064600254739,-0.3440736654421423,Training-Focused Customers,Data Analytics & Python Training
CUST_0355,41,20,10,3,4,12,9056,5,7,157,17,37,14056,0,1.6733739596791863,-0.7978204766904854,Training-Focused Customers,IT & Digital Services
CUST_0356,29,1,9,6,9,36,21800,5,5,104,24,15,26800,1,0.7986403539127015,2.2683051598953243,Highly Engaged Customers,Industry Internship Program
CUST_0357,50,20,8,10,1,49,5998,1,0,77,19,28,6998,0,1.1382905704326687,-1.7698196209634713,Training-Focused Customers,Data Analytics & Python Training
CUST_0358,50,17,9,9,4,42,11082,9,2,146,22,28,20082,0,1.613657885576372,0.7440150892837246,Training-Focused Customers,Data Analytics & Python Training
CUST_0359,29,12,9,2,4,10,17830,5,3,2,15,24,22830,1,-0.0575454352024829,0.825959044816664,Highly Engaged Customers,IT & Digital Services
CUST_0360,20,15,6,5,1,17,14365,3,2,8,12,23,17365,1,-0.6206120691402478,-0.27843761826921104,Highly Engaged Customers,Beginner Training & Orientation
CUST_0361,18,1,0,9,4,41,10069,2,3,75,13,4,12069,1,-2.044967187175495,-0.7404741709373477,Highly Engaged Customers,Data Analytics & Python Training
CUST_0362,50,26,6,9,3,57,18323,10,1,125,18,33,28323,0,1.384201051551648,1.8832747315288618,Training-Focused Customers,Data Analytics & Python Training
CUST_0363,27,14,9,8,0,13,24614,1,4,38,17,27,25614,0,0.63796153171281,1.3823714466336383,Training-Focused Customers,Data Analytics & Python Training
CUST_0364,46,6,4,0,2,79,5357,0,3,176,6,13,5357,1,-2.49039083950665,-2.223628594625414,Highly Engaged Customers,Beginner Training & Orientation
CUST_0365,30,5,5,4,0,28,840,10,0,27,9,10,10840,1,-2.466848258901564,-1.2932359461152552,Highly Engaged Customers,Beginner Training & Orientation
CUST_0366,29,30,9,3,10,41,11681,10,2,20,22,41,21681,0,2.853475942110025,0.5846993380687697,Training-Focused Customers,Industry Internship Program
CUST_0367,48,11,6,7,4,18,17266,4,1,140,17,18,21266,1,-0.20076661778688554,0.9758226974900736,Highly Engaged Customers,Data Analytics & Python Training
CUST_0368,19,4,4,10,3,21,8991,1,0,43,17,8,9991,1,-1.0896845980689749,-0.9675009833374671,Highly Engaged Customers,Data Analytics & Python Training
CUST_0369,40,13,6,0,6,20,638,1,1,31,12,20,1638,1,-0.8460137542886329,-2.938785382997929,Highly Engaged Customers,Beginner Training & Orientation
CUST_0370,34,11,8,8,4,55,858,6,4,91,20,23,6858,1,0.8980995267645208,-1.721664108552152,Highly Engaged Customers,Data Analytics & Python Training
CUST_0371,43,3,2,5,9,25,21815,7,6,61,16,11,28815,1,-0.8994260506409487,2.1816458047495657,Highly Engaged Customers,Industry Internship Program
CUST_0372,25,1,7,3,3,10,10214,9,2,109,13,10,19214,1,-1.754671391359072,0.5176732682963289,Highly Engaged Customers,IT & Digital Services
CUST_0373,46,6,1,8,1,72,20340,7,5,91,10,12,27340,1,-1.8806543431319265,1.6490841313986337,Highly Engaged Customers,Data Analytics & Python Training
CUST_0374,43,18,10,10,3,30,2127,3,2,163,23,30,5127,0,2.052785006784857,-1.874161219048397,Training-Focused Customers,Data Analytics & Python Training
CUST_0375,27,24,6,4,1,39,16496,0,7,95,11,37,16496,0,0.7015873472041789,-0.7351602320931339,Training-Focused Customers,Beginner Training & Orientation
CUST_0376,43,10,1,4,7,22,23510,10,4,143,12,15,33510,1,-1.3000198321855911,2.88258817808661,Highly Engaged Customers,Industry Internship Program
CUST_0377,24,5,3,4,2,43,5504,6,2,144,9,10,11504,1,-2.3185986465026978,-1.0206127214860916,Highly Engaged Customers,Beginner Training & Orientation
CUST_0378,21,23,6,0,8,13,13783,0,7,13,14,36,13783,0,1.1545859658157052,-1.1567573316930686,Training-Focused Customers,Industry Internship Program
CUST_0379,28,10,2,0,3,37,7152,10,5,113,5,17,17152,1,-2.3461196774416404,-0.4762226681640439,Highly Engaged Customers,Beginner Training & Orientation
CUST_0380,46,12,1,7,5,68,23300,3,3,35,13,16,26300,1,-0.9510065435222355,1.5130924210394372,Highly Engaged Customers,Data Analytics & Python Training
CUST_0381,42,2,10,7,9,36,20054,7,1,149,26,13,27054,1,0.855748759820458,2.591157455719904,Highly Engaged Customers,Data Analytics & Python Training
CUST_0382,38,13,9,5,4,78,20719,1,5,158,18,27,21719,0,0.9242821843793738,0.9210409876289949,Training-Focused Customers,IT & Digital Services
CUST_0383,27,8,6,10,9,34,24901,5,0,48,25,14,29901,1,0.8377358269440003,2.8664254724015916,Highly Engaged Customers,Data Analytics & Python Training
CUST_0384,26,2,0,3,0,12,2651,5,4,35,3,6,7651,1,-3.711459633607545,-2.13548088179455,Highly Engaged Customers,Beginner Training & Orientation
CUST_0385,41,20,7,1,8,77,9929,8,3,86,16,30,17929,0,0.8142099909729559,-0.036951462206398146,Training-Focused Customers,Industry Internship Program
CUST_0386,35,1,2,1,0,34,14572,4,0,166,3,3,18572,1,-4.130678058807686,0.21952214348889787,Highly Engaged Customers,Beginner Training & Orientation
CUST_0387,49,5,1,8,7,29,12427,9,0,159,16,6,21427,1,-1.4613065360184514,1.190399119336556,Highly Engaged Customers,Data Analytics & Python Training
CUST_0388,41,9,2,4,8,43,7405,3,4,152,14,15,10405,1,-0.8091571287761542,-1.1014030158471098,Highly Engaged Customers,Industry Internship Program
CUST_0389,40,17,4,3,8,35,19718,4,3,114,15,24,23718,0,0.111009889981632,1.1205264352818671,Training-Focused Customers,Industry Internship Program
CUST_0390,49,9,10,9,0,14,12952,9,6,177,19,25,21952,1,0.7996927011563963,0.9686974056368417,Highly Engaged Customers,Data Analytics & Python Training
CUST_0391,29,11,7,0,1,70,16712,10,0,100,8,18,26712,1,-1.9410101372288326,1.4985529896836518,Highly Engaged Customers,IT & Digital Services
CUST_0392,30,15,9,6,0,18,19451,4,0,160,15,24,23451,1,-0.09833569373895718,1.2190824723484364,Highly Engaged Customers,IT & Digital Services
CUST_0393,40,24,6,2,9,59,1807,7,3,99,17,33,8807,0,1.3423055082216167,-1.6894754486455688,Training-Focused Customers,Industry Internship Program
CUST_0394,42,6,6,5,1,15,15352,9,2,3,12,14,24352,1,-1.5598668775335003,1.125946372023767,Highly Engaged Customers,Beginner Training & Orientation
CUST_0395,47,23,6,4,9,92,3160,7,0,85,19,29,10160,0,1.2778183352075032,-1.2253179915996897,Training-Focused Customers,Industry Internship Program
CUST_0396,34,3,7,4,7,69,10903,1,1,125,18,11,11903,1,-0.6235387773425948,-0.46625720973999357,Highly Engaged Customers,Industry Internship Program
CUST_0397,37,30,0,10,4,53,20614,6,3,138,14,33,26614,0,0.875337990329686,1.3368855883641126,Training-Focused Customers,Data Analytics & Python Training
CUST_0398,42,17,3,4,10,20,10738,7,0,83,17,20,17738,1,0.04351997675218584,0.20405231534951454,Highly Engaged Customers,Industry Internship Program
CUST_0399,39,5,5,0,6,75,6707,10,4,25,11,14,16707,1,-1.6041733906178586,-0.2786571869174624,Highly Engaged Customers,Beginner Training & Orientation
CUST_0400,30,30,8,0,1,56,20046,5,5,68,9,43,25046,0,0.7642704021131637,0.580811323560965,Training-Focused Customers,IT & Digital Services
CUST_0401,36,28,1,2,7,82,1640,4,1,61,10,30,5640,0,-0.11299293187254184,-2.5586166981014493,Training-Focused Customers,Industry Internship Program
CUST_0402,29,12,0,9,10,94,2208,10,7,29,19,19,12208,0,0.5723678976947579,-0.9658053266106394,Training-Focused Customers,Data Analytics & Python Training
CUST_0403,36,18,9,3,5,97,4130,8,7,127,17,34,12130,0,1.448383995753455,-1.1381021098303328,Training-Focused Customers,IT & Digital Services
CUST_0404,29,14,1,4,7,95,20095,2,5,19,12,20,22095,1,-0.6647321328089998,0.5856348429687723,Highly Engaged Customers,Industry Internship Program
CUST_0405,26,21,6,1,0,12,10985,9,7,171,7,34,19985,0,-0.41360656395954215,-0.1762367402503246,Training-Focused Customers,Beginner Training & Orientation
CUST_0406,24,24,2,7,0,85,12521,3,5,74,9,31,15521,0,-0.18119158715553868,-0.9303344308552247,Training-Focused Customers,Data Analytics & Python Training
CUST_0407,45,11,9,10,6,39,23422,8,0,61,25,20,31422,1,1.3130583914415455,3.0260897230488033,Highly Engaged Customers,Data Analytics & Python Training
CUST_0408,31,9,1,10,7,99,17359,5,1,171,18,11,22359,1,-0.5146652474549777,1.37235197249217,Highly Engaged Customers,Data Analytics & Python Training
CUST_0409,48,2,10,1,2,30,8184,7,1,153,13,13,15184,1,-1.5145007180045238,-0.13198560318091077,Highly Engaged Customers,IT & Digital Services
CUST_0410,36,12,6,8,4,37,1707,6,2,20,18,20,7707,1,0.22486931099699622,-1.6826196556592259,Highly Engaged Customers,Data Analytics & Python Training
CUST_0411,33,3,1,1,0,99,13831,10,5,48,2,9,23831,1,-3.641173861691497,0.6604313944414146,Highly Engaged Customers,Beginner Training & Orientation
CUST_0412,22,3,2,8,6,71,2460,1,1,87,16,6,3460,1,-1.3280725316131519,-2.0950730574814753,Highly Engaged Customers,Data Analytics & Python Training
CUST_0413,29,1,10,6,4,42,1057,2,2,152,20,13,3057,1,-0.11603506068359448,-1.9910189543049528,Highly Engaged Customers,IT & Digital Services
CUST_0414,42,8,6,7,7,94,16383,0,3,139,20,17,16383,1,0.4003654249579518,0.2675855367510789,Highly Engaged Customers,Data Analytics & Python Training
CUST_0415,38,22,3,10,7,44,14393,8,2,110,20,27,22393,0,1.3012224299611639,0.9863557129202295,Training-Focused Customers,Data Analytics & Python Training
CUST_0416,40,28,0,1,8,61,1382,6,4,28,9,32,7382,0,-0.05393869571384824,-2.4706732746477686,Training-Focused Customers,Industry Internship Program
CUST_0417,33,29,4,6,6,43,5261,0,6,59,16,39,5261,0,1.8903117592324041,-2.623083865899218,Training-Focused Customers,Beginner Training & Orientation
CUST_0418,31,8,8,5,10,50,6367,2,0,133,23,16,8367,1,0.7326570458937995,-0.9505963587871686,Highly Engaged Customers,Industry Internship Program
CUST_0419,48,11,7,3,0,60,23847,3,3,51,10,21,26847,1,-1.1850535835306335,1.4507928454274865,Highly Engaged Customers,IT & Digital Services
CUST_0420,22,9,8,6,2,56,13369,3,6,149,16,23,16369,1,0.1979591334354507,-0.1191106994006453,Highly Engaged Customers,IT & Digital Services
CUST_0421,40,5,9,3,7,91,7666,4,6,12,19,20,11666,1,0.4617996235902454,-0.9320839918742683,Highly Engaged Customers,Industry Internship Program
CUST_0422,46,14,8,1,2,67,13482,2,3,50,11,25,15482,0,-0.5846912419614928,-0.6083769606361912,Training-Focused Customers,IT & Digital Services
CUST_0423,28,28,6,9,7,84,8429,2,4,132,22,38,10429,0,2.813040660793872,-1.2407835945042067,Training-Focused Customers,Data Analytics & Python Training
CUST_0424,35,30,3,6,0,66,5847,0,2,113,9,35,5847,0,0.16540138417421066,-2.6071050265763747,Training-Focused Customers,Beginner Training & Orientation
CUST_0425,29,3,4,7,4,32,7769,6,0,170,15,7,13769,1,-1.578150479201245,-0.18871489608436315,Highly Engaged Customers,Data Analytics & Python Training
CUST_0426,26,21,0,1,3,57,14027,10,2,166,4,23,24027,0,-1.9663027286247563,0.7023247392818899,Training-Focused Customers,Beginner Training & Orientation
CUST_0427,27,5,0,4,4,31,2954,9,1,153,8,6,11954,1,-2.861395401807357,-0.9140468540264417,Highly Engaged Customers,Beginner Training & Orientation
CUST_0428,34,5,2,0,7,26,21378,0,2,14,9,9,21378,1,-2.3944094261440774,0.6496259928118183,Highly Engaged Customers,Industry Internship Program
CUST_0429,24,19,7,6,9,78,18830,1,7,32,22,33,19830,0,2.3317980304593684,0.3877298605665469,Training-Focused Customers,Industry Internship Program
CUST_0430,30,27,1,7,3,20,13491,3,3,139,11,31,16491,0,0.13812089636663438,-0.5400766523312551,Training-Focused Customers,Data Analytics & Python Training
CUST_0431,26,14,3,5,10,24,3308,3,0,146,18,17,6308,1,0.016862906701484756,-1.6190041090087937,Highly Engaged Customers,Industry Internship Program
CUST_0432,44,26,1,4,3,100,7142,4,2,155,8,29,11142,0,-0.5605585772235047,-1.5320409990432688,Training-Focused Customers,Beginner Training & Orientation
CUST_0433,19,30,4,5,2,44,4325,10,0,55,11,34,14325,0,0.24957077246575424,-1.0753985892789337,Training-Focused Customers,Beginner Training & Orientation
CUST_0434,22,4,8,1,6,42,4036,1,0,120,15,12,5036,1,-1.1220143517960457,-1.834929020488296,Highly Engaged Customers,IT & Digital Services
CUST_0435,46,25,0,0,2,93,22952,3,1,75,2,26,25952,0,-2.008532948677496,0.8388416006750216,Training-Focused Customers,Premium Digital Solutions
CUST_0436,36,13,4,6,2,25,15809,0,1,21,12,18,15809,1,-1.037366443816576,-0.4035884431905581,Highly Engaged Customers,Beginner Training & Orientation
CUST_0437,25,10,8,6,10,43,4302,1,3,172,24,21,5302,1,1.4791090571132077,-1.5699971389703722,Highly Engaged Customers,Industry Internship Program
CUST_0438,18,25,0,9,9,75,21583,0,4,133,18,29,21583,0,1.3334332953742887,0.7447770118753357,Training-Focused Customers,Data Analytics & Python Training
CUST_0439,39,18,8,10,4,49,18854,9,7,87,22,33,27854,0,2.1954119122066027,1.8269353953269567,Training-Focused Customers,Data Analytics & Python Training
CUST_0440,34,8,7,9,4,37,22690,9,6,169,20,21,31690,1,0.6628671768587613,2.8298564893414437,Highly Engaged Customers,Data Analytics & Python Training
CUST_0441,24,8,3,1,5,56,6642,3,0,59,9,11,9642,1,-2.2293518748377856,-1.4176163336730911,Highly Engaged Customers,Beginner Training & Orientation
CUST_0442,42,7,10,1,7,48,19703,3,4,89,18,21,22703,1,0.25972276984675496,1.1631980547596263,Highly Engaged Customers,Industry Internship Program
CUST_0443,21,8,9,0,9,79,9594,6,6,150,18,23,15594,1,0.5535743494350388,-0.1313091773796789,Highly Engaged Customers,Industry Internship Program
CUST_0444,23,14,4,9,5,82,864,9,6,83,18,24,9864,0,0.7539399182188519,-1.4098357843508609,Training-Focused Customers,Data Analytics & Python Training
CUST_0445,48,19,4,7,0,29,21142,10,7,65,11,30,31142,0,-0.06205064558954162,1.8972374520705593,Training-Focused Customers,Data Analytics & Python Training
CUST_0446,36,29,10,7,7,10,20003,10,3,64,24,42,30003,0,3.2631056047613045,2.178465444029193,Training-Focused Customers,Data Analytics & Python Training
CUST_0447,44,6,5,0,7,81,16188,8,6,71,12,17,24188,1,-1.0872391842738824,1.0949297111748384,Highly Engaged Customers,Industry Internship Program
CUST_0448,27,1,6,10,8,96,2363,8,7,4,24,14,10363,1,0.8754571042430485,-0.924635708652927,Highly Engaged Customers,Data Analytics & Python Training
CUST_0449,43,23,7,7,8,72,16999,4,6,143,22,36,20999,0,2.5818565375006854,0.6862970239223914,Training-Focused Customers,Data Analytics & Python Training
CUST_0450,36,15,7,8,1,76,7584,9,0,104,16,22,16584,1,-0.038293869414731535,-0.06664660244797634,Highly Engaged Customers,Data Analytics & Python Training
CUST_0451,20,1,10,3,1,13,8516,0,0,150,14,11,8516,1,-1.4836997985724325,-1.1846181217918685,Highly Engaged Customers,IT & Digital Services
CUST_0452,30,25,1,0,2,67,2884,0,5,175,3,31,2884,0,-1.1890046885061971,-3.2862990192695882,Training-Focused Customers,Beginner Training & Orientation
CUST_0453,45,17,8,0,0,34,15572,5,4,93,8,29,20572,0,-0.7906665543711148,0.09376954379359481,Training-Focused Customers,IT & Digital Services
CUST_0454,37,1,6,2,3,56,4435,1,2,174,11,9,5435,1,-2.048522774205911,-1.8701197353344317,Highly Engaged Customers,Beginner Training & Orientation
CUST_0455,45,15,3,4,3,47,13627,7,7,142,10,25,20627,0,-0.6168476758956404,0.22174096090823794,Training-Focused Customers,Beginner Training & Orientation
CUST_0456,25,23,3,4,8,24,14982,8,1,178,15,27,22982,0,0.35702691539135106,1.009432555969905,Training-Focused Customers,Industry Internship Program
CUST_0457,18,2,10,8,8,72,8242,3,7,148,26,19,11242,1,1.6637661457401287,-0.48527436535559376,Highly Engaged Customers,Data Analytics & Python Training
CUST_0458,20,14,7,9,8,30,16665,4,2,178,24,23,20665,1,1.5892000104633608,1.1278468145709364,Highly Engaged Customers,Data Analytics & Python Training
CUST_0459,30,21,3,1,9,66,22326,10,4,112,13,28,32326,0,0.12392084483220868,2.424694994531111,Training-Focused Customers,Industry Internship Program
CUST_0460,45,8,5,1,6,62,2990,7,1,161,12,14,9990,1,-1.4287915130186801,-1.159611457450927,Highly Engaged Customers,Beginner Training & Orientation
CUST_0461,42,8,4,5,1,55,23864,2,2,119,10,14,25864,1,-1.7889611119023996,1.5229859962276,Highly Engaged Customers,Beginner Training & Orientation
CUST_0462,50,19,2,8,9,23,13824,4,5,59,19,26,17824,0,1.137093402380149,0.03228856281060753,Training-Focused Customers,Data Analytics & Python Training
CUST_0463,23,7,9,0,4,85,24545,2,1,43,13,17,26545,1,-1.0762801859461997,1.7095943354196008,Highly Engaged Customers,IT & Digital Services
CUST_0464,49,19,10,8,3,26,18608,9,0,12,21,29,27608,0,1.4049209253478139,1.881079909948957,Training-Focused Customers,Data Analytics & Python Training
CUST_0465,38,6,1,8,10,48,19651,2,2,40,19,9,21651,1,-0.522117169393928,1.1488497946943896,Highly Engaged Customers,Data Analytics & Python Training
CUST_0466,33,6,8,8,7,18,1637,2,7,118,23,21,3637,1,1.3450350963398503,-2.1084572501817376,Highly Engaged Customers,Data Analytics & Python Training
CUST_0467,38,3,9,4,1,86,21001,6,1,20,14,13,27001,1,-1.319641690411075,1.836484784205914,Highly Engaged Customers,IT & Digital Services
CUST_0468,28,7,8,8,5,88,3920,6,5,166,21,20,9920,1,0.8369270344840819,-0.9564425093029364,Highly Engaged Customers,Data Analytics & Python Training
CUST_0469,36,19,0,10,4,91,6345,6,7,131,14,26,12345,0,0.35496220230285425,-1.1628850775900255,Training-Focused Customers,Data Analytics & Python Training
CUST_0470,37,8,9,3,1,15,21662,9,6,156,13,23,30662,1,-0.5004179863624154,2.2931163102333416,Highly Engaged Customers,IT & Digital Services
CUST_0471,35,10,2,1,10,100,4406,7,1,90,13,13,11406,1,-1.245961116723472,-0.9562865700589144,Highly Engaged Customers,Industry Internship Program
CUST_0472,31,20,7,5,9,32,20521,4,1,94,21,28,24521,0,1.4798946869994218,1.487393476563974,Training-Focused Customers,Industry Internship Program
CUST_0473,32,15,5,3,0,68,19837,4,5,13,8,25,23837,0,-1.0727742091793175,0.6015580576935639,Training-Focused Customers,Beginner Training & Orientation
CUST_0474,48,15,4,5,7,100,22813,3,6,66,16,25,25813,0,0.4892074182324272,1.3968417825019377,Training-Focused Customers,Industry Internship Program
CUST_0475,18,29,4,2,1,55,12913,6,2,37,7,35,18913,0,-0.3304704637290637,-0.4792753678849241,Training-Focused Customers,Beginner Training & Orientation
CUST_0476,20,1,5,5,6,47,776,9,3,177,16,9,9776,1,-1.1572394997007025,-0.9556290566017204,Highly Engaged Customers,Beginner Training & Orientation
CUST_0477,33,20,6,1,8,23,18883,3,2,66,15,28,21883,0,0.42662905669436635,0.6841134071990391,Training-Focused Customers,Industry Internship Program
CUST_0478,40,30,0,1,8,81,18111,1,6,36,9,36,19111,0,0.38620447455241774,-0.43303519676329283,Training-Focused Customers,Industry Internship Program
CUST_0479,28,7,8,8,7,71,6837,3,4,26,23,19,9837,1,1.0858003199409163,-1.020385508573043,Highly Engaged Customers,Data Analytics & Python Training
CUST_0480,29,27,2,6,10,44,12444,7,7,75,18,36,19444,0,1.9505116579600956,0.027920432174989435,Training-Focused Customers,Industry Internship Program
CUST_0481,27,4,3,2,9,28,20619,8,5,108,14,12,28619,1,-1.2147234165106695,2.138850051911015,Highly Engaged Customers,Industry Internship Program
CUST_0482,49,29,9,10,8,39,16406,2,2,168,27,40,18406,0,3.7597130232712423,0.4973657545029693,Training-Focused Customers,Data Analytics & Python Training
CUST_0483,33,6,0,0,1,87,17579,6,1,43,1,7,23579,1,-4.0514551446378,0.7152246245359705,Highly Engaged Customers,Premium Digital Solutions
CUST_0484,25,25,10,7,5,93,21036,8,5,150,22,40,29036,0,2.82412345877026,2.0713330492378987,Training-Focused Customers,Data Analytics & Python Training
CUST_0485,29,1,9,5,3,34,24785,10,0,148,17,10,34785,1,-1.1486625056966318,3.6151907162403734,Highly Engaged Customers,IT & Digital Services
CUST_0486,41,29,2,6,3,49,24354,3,6,8,11,37,27354,0,0.7211212936863326,1.0442350647275476,Training-Focused Customers,Beginner Training & Orientation
CUST_0487,45,5,1,8,4,97,12806,9,7,29,13,13,21806,1,-1.1715317204993752,0.629764724995808,Highly Engaged Customers,Data Analytics & Python Training
CUST_0488,25,27,1,4,2,23,24421,2,2,40,7,30,26421,0,-0.7530962157897041,0.9784196621603587,Training-Focused Customers,Beginner Training & Orientation
CUST_0489,45,23,0,0,0,35,11003,4,5,158,0,28,15003,0,-2.104708710029814,-1.252810743840692,Training-Focused Customers,Beginner Training & Orientation
CUST_0490,43,1,7,9,7,96,19725,0,7,128,23,15,19725,1,0.8054922697579591,0.9552342352817881,Highly Engaged Customers,Data Analytics & Python Training
CUST_0491,25,30,2,6,4,31,4708,2,2,84,12,34,6708,0,0.6094247359477204,-2.3580871214485524,Training-Focused Customers,Beginner Training & Orientation
CUST_0492,45,4,2,4,2,57,12090,7,5,116,8,11,19090,1,-2.3463234112718077,0.15785410130893013,Highly Engaged Customers,Beginner Training & Orientation
CUST_0493,45,22,5,2,9,92,11386,10,1,144,16,28,21386,0,0.6224135896043131,0.7233371880270134,Training-Focused Customers,Industry Internship Program
CUST_0494,44,2,7,8,6,60,13366,7,0,174,21,9,20366,1,-0.3615669961743145,1.265936793478458,Highly Engaged Customers,Data Analytics & Python Training
CUST_0495,34,10,8,0,6,12,1588,3,0,62,14,18,4588,1,-0.7678040115694101,-2.2002759589171026,Highly Engaged Customers,IT & Digital Services
CUST_0496,26,5,8,0,0,51,3863,1,4,7,8,17,4863,1,-1.8656278119343548,-2.5610912314463743,Highly Engaged Customers,IT & Digital Services
CUST_0497,50,27,3,0,8,28,524,7,5,45,11,35,7524,0,0.5218532926223772,-2.3945126129391627,Training-Focused Customers,Industry Internship Program
CUST_0498,37,10,4,2,1,82,10264,7,2,176,7,16,17264,1,-2.1306032516367868,-0.1455035902449064,Highly Engaged Customers,Beginner Training & Orientation
CUST_0499,30,1,1,5,4,37,23028,9,0,155,10,2,32028,1,-2.9882581188865607,2.9145655648653097,Highly Engaged Customers,Beginner Training & Orientation
CUST_0500,45,22,10,9,4,93,22552,3,6,88,23,38,25552,0,2.8745328634629366,1.4497470367655596,Training-Focused Customers,Data Analytics & Python Training
